,id,product_id,size_label
0,1,1,XS
1,2,1,S
2,3,1,M
3,4,1,L
4,5,1,XL
5,6,1,XXL
6,7,1,3XL
7,8,1,4XL
8,9,1,5XL
9,10,1,6XL
10,11,2,XS
11,12,2,S
12,13,2,M
13,14,2,L
14,15,2,XL
15,16,2,XXL
16,17,2,3XL
17,18,2,4XL
18,19,2,5XL
19,20,2,6XL
20,21,3,XS
21,22,3,S
22,23,3,M
23,24,3,L
24,25,3,XL
25,26,3,XXL
26,27,3,3XL
27,28,3,4XL
28,29,3,5XL
29,30,3,6XL
30,31,4,XS
31,32,4,S
32,33,4,M
33,34,4,L
34,35,4,XL
35,36,4,XXL
36,37,4,3XL
37,38,4,4XL
38,39,4,5XL
39,40,4,6XL
40,41,5,XS
41,42,5,S
42,43,5,M
43,44,5,L
44,45,5,XL
45,46,5,XXL
46,47,5,3XL
47,48,5,4XL
48,49,5,5XL
49,50,5,6XL
50,51,6,XS
51,52,6,S
52,53,6,M
53,54,6,L
54,55,6,XL
55,56,6,XXL
56,57,6,3XL
57,58,6,4XL
58,59,6,5XL
59,60,6,6XL
60,61,7,XS
61,62,7,S
62,63,7,M
63,64,7,L
64,65,7,XL
65,66,7,XXL
66,67,7,3XL
67,68,7,4XL
68,69,7,5XL
69,70,7,6XL
70,71,8,XS
71,72,8,S
72,73,8,M
73,74,8,L
74,75,8,XL
75,76,8,XXL
76,77,8,3XL
77,78,8,4XL
78,79,8,5XL
79,80,8,6XL
80,81,9,XS
81,82,9,S
82,83,9,M
83,84,9,L
84,85,9,XL
85,86,9,XXL
86,87,9,3XL
87,88,9,4XL
88,89,9,5XL
89,90,9,6XL
90,91,10,XS
91,92,10,S
92,93,10,M
93,94,10,L
94,95,10,XL
95,96,10,XXL
96,97,10,3XL
97,98,10,4XL
98,99,10,5XL
99,100,10,6XL
100,101,11,XS
101,102,11,S
102,103,11,M
103,104,11,L
104,105,11,XL
105,106,11,XXL
106,107,11,3XL
107,108,11,4XL
108,109,11,5XL
109,110,11,6XL
110,111,12,XS
111,112,12,S
112,113,12,M
113,114,12,L
114,115,12,XL
115,116,12,XXL
116,117,12,3XL
117,118,12,4XL
118,119,12,5XL
119,120,12,6XL
120,121,14,XS
121,122,14,S
122,123,14,M
123,124,14,L
124,125,14,XL
125,126,14,XXL
126,127,14,3XL
127,128,14,4XL
128,129,14,5XL
129,130,14,6XL
130,131,16,XS
131,132,16,S
132,133,16,M
133,134,16,L
134,135,16,XL
135,136,16,XXL
136,137,16,3XL
137,138,16,4XL
138,139,16,5XL
139,140,16,6XL
140,141,17,M
141,142,17,L
142,143,17,XL
143,144,17,XXL
144,145,17,3XL
145,146,17,4XL
146,147,17,5XL
147,148,17,6XL
148,149,17,Unnamed: 9
149,150,17,Unnamed: 10
150,151,18,XS
151,152,18,S
152,153,18,M
153,154,18,L
154,155,18,XL
155,156,18,XXL
156,157,18,3XL
157,158,18,4XL
158,159,18,5XL
159,160,18,6XL
160,161,19,XS
161,162,19,S
162,163,19,M
163,164,19,L
164,165,19,XL
165,166,19,XXL
166,167,19,3XL
167,168,19,4XL
168,169,19,5XL
169,170,19,6XL
170,171,19,7XL
171,172,20,M
172,173,20,L
173,174,20,XL
174,175,20,XXL
175,176,20,3XL
176,177,20,4XL
177,178,20,5XL
178,179,20,6XL
179,180,20,Unnamed: 9
180,181,20,Unnamed: 10
181,182,22,XS
182,183,22,S
183,184,22,M
184,185,22,L
185,186,22,XL
186,187,22,XXL
187,188,22,3XL
188,189,22,4XL
189,190,22,5XL
190,191,22,6XL
191,192,23,XS
192,193,23,S
193,194,23,M
194,195,23,L
195,196,23,XL
196,197,23,XXL
197,198,23,3XL
198,199,23,4XL
199,200,23,5XL
200,201,23,6XL
201,202,24,XS
202,203,24,S
203,204,24,M
204,205,24,L
205,206,24,XL
206,207,24,XXL
207,208,24,3XL
208,209,24,4XL
209,210,24,5XL
210,211,24,6XL
211,212,25,XS
212,213,25,S
213,214,25,M
214,215,25,L
215,216,25,XL
216,217,25,XXL
217,218,25,3XL
218,219,25,4XL
219,220,25,5XL
220,221,25,6XL
221,222,26,XS
222,223,26,S
223,224,26,M
224,225,26,L
225,226,26,XL
226,227,26,XXL
227,228,26,3XL
228,229,26,4XL
229,230,26,5XL
230,231,26,6XL
231,232,27,XS
232,233,27,S
233,234,27,M
234,235,27,L
235,236,27,XL
236,237,27,XXL
237,238,27,3XL
238,239,27,4XL
239,240,27,5XL
240,241,27,6XL
241,242,28,XS
242,243,28,S
243,244,28,M
244,245,28,L
245,246,28,XL
246,247,28,XXL
247,248,28,3XL
248,249,28,4XL
249,250,28,5XL
250,251,28,6XL
251,252,29,XS
252,253,29,S
253,254,29,M
254,255,29,L
255,256,29,XL
256,257,29,XXL
257,258,29,3XL
258,259,29,4XL
259,260,29,5XL
260,261,29,6XL
261,262,30,XS
262,263,30,S
263,264,30,M
264,265,30,L
265,266,30,XL
266,267,30,XXL
267,268,30,3XL
268,269,30,4XL
269,270,30,5XL
270,271,30,6XL
271,272,31,M
272,273,31,L
273,274,31,XL
274,275,31,XXL
275,276,31,3XL
276,277,31,4XL
277,278,31,5XL
278,279,31,6XL
279,280,31,Unnamed: 9
280,281,31,Unnamed: 10
281,282,32,XS
282,283,32,S
283,284,32,M
284,285,32,L
285,286,32,XL
286,287,32,XXL
287,288,32,3XL
288,289,32,4XL
289,290,32,5XL
290,291,32,6XL
291,292,33,XS
292,293,33,S
293,294,33,M
294,295,33,L
295,296,33,XL
296,297,33,XXL
297,298,33,3XL
298,299,33,4XL
299,300,33,5XL
300,301,33,6XL
301,302,34,M
302,303,34,L
303,304,34,XL
304,305,34,XXL
305,306,34,3XL
306,307,34,4XL
307,308,34,5XL
308,309,34,6XL
309,310,34,Unnamed: 9
310,311,34,Unnamed: 10
311,312,35,XS
312,313,35,S
313,314,35,M
314,315,35,L
315,316,35,XL
316,317,35,XXL
317,318,35,3XL
318,319,35,4XL
319,320,35,5XL
320,321,35,6XL
321,322,36,XS
322,323,36,S
323,324,36,M
324,325,36,L
325,326,36,XL
326,327,36,XXL
327,328,36,3XL
328,329,36,4XL
329,330,36,5XL
330,331,36,6XL
331,332,37,XS
332,333,37,S
333,334,37,M
334,335,37,L
335,336,37,XL
336,337,37,XXL
337,338,37,3XL
338,339,37,4XL
339,340,37,5XL
340,341,37,6XL
341,342,38,XS
342,343,38,S
343,344,38,M
344,345,38,L
345,346,38,XL
346,347,38,XXL
347,348,38,3XL
348,349,38,4XL
349,350,38,5XL
350,351,38,6XL
351,352,39,XS
352,353,39,S
353,354,39,M
354,355,39,L
355,356,39,XL
356,357,39,XXL
357,358,39,3XL
358,359,39,4XL
359,360,39,5XL
360,361,39,6XL
361,362,40,XS
362,363,40,S
363,364,40,M
364,365,40,L
365,366,40,XL
366,367,40,XXL
367,368,40,3XL
368,369,40,4XL
369,370,40,5XL
370,371,40,6XL
371,372,42,M
372,373,42,L
373,374,42,XL
374,375,42,XXL
375,376,42,3XL
376,377,42,4XL
377,378,42,5XL
378,379,42,6XL
379,380,42,Unnamed: 9
380,381,42,Unnamed: 10
381,382,43,XS
382,383,43,S
383,384,43,M
384,385,43,L
385,386,43,XL
386,387,43,XXL
387,388,43,3XL
388,389,43,4XL
389,390,43,5XL
390,391,43,6XL
391,392,44,XS
392,393,44,S
393,394,44,M
394,395,44,L
395,396,44,XL
396,397,44,XXL
397,398,44,3XL
398,399,44,4XL
399,400,44,5XL
400,401,44,6XL
401,402,45,XS
402,403,45,S
403,404,45,M
404,405,45,L
405,406,45,XL
406,407,45,XXL
407,408,45,3XL
408,409,45,4XL
409,410,45,5XL
410,411,45,6XL
411,412,46,XS
412,413,46,S
413,414,46,M
414,415,46,L
415,416,46,XL
416,417,46,XXL
417,418,46,3XL
418,419,46,4XL
419,420,46,5XL
420,421,46,6XL
421,422,48,XS
422,423,48,S
423,424,48,M
424,425,48,L
425,426,48,XL
426,427,48,XXL
427,428,48,3XL
428,429,48,4XL
429,430,48,5XL
430,431,48,6XL
431,432,49,XS
432,433,49,S
433,434,49,M
434,435,49,L
435,436,49,XL
436,437,49,XXL
437,438,49,3XL
438,439,49,4XL
439,440,49,5XL
440,441,49,6XL
441,442,51,M
442,443,51,L
443,444,51,XL
444,445,51,XXL
445,446,51,3XL
446,447,51,4XL
447,448,51,5XL
448,449,51,6XL
449,450,51,Unnamed: 9
450,451,51,Unnamed: 10
451,452,52,XS
452,453,52,S
453,454,52,M
454,455,52,L
455,456,52,XL
456,457,52,XXL
457,458,52,3XL
458,459,52,4XL
459,460,52,5XL
460,461,52,6XL
461,462,53,XS
462,463,53,S
463,464,53,M
464,465,53,L
465,466,53,XL
466,467,53,XXL
467,468,53,3XL
468,469,53,4XL
469,470,53,5XL
470,471,53,6XL
471,472,54,XS
472,473,54,S
473,474,54,M
474,475,54,L
475,476,54,XL
476,477,54,XXL
477,478,54,3XL
478,479,54,4XL
479,480,54,5XL
480,481,54,6XL
481,482,56,M
482,483,56,L
483,484,56,XL
484,485,56,XXL
485,486,56,3XL
486,487,56,4XL
487,488,56,5XL
488,489,56,6XL
489,490,56,Unnamed: 9
490,491,56,Unnamed: 10
491,492,57,XS
492,493,57,S
493,494,57,M
494,495,57,L
495,496,57,XL
496,497,57,XXL
497,498,57,3XL
498,499,57,4XL
499,500,57,5XL
500,501,57,6XL
501,502,59,XS
502,503,59,S
503,504,59,M
504,505,59,L
505,506,59,XL
506,507,59,XXL
507,508,59,3XL
508,509,59,4XL
509,510,59,5XL
510,511,59,6XL
511,512,60,XS
512,513,60,S
513,514,60,M
514,515,60,L
515,516,60,XL
516,517,60,XXL
517,518,60,3XL
518,519,60,4XL
519,520,60,5XL
520,521,60,6XL
521,522,61,XS
522,523,61,S
523,524,61,M
524,525,61,L
525,526,61,XL
526,527,61,XXL
527,528,61,3XL
528,529,61,4XL
529,530,61,5XL
530,531,61,6XL
531,532,62,XS
532,533,62,S
533,534,62,M
534,535,62,L
535,536,62,XL
536,537,62,XXL
537,538,62,3XL
538,539,62,4XL
539,540,62,5XL
540,541,62,6XL
541,542,63,XS
542,543,63,S
543,544,63,M
544,545,63,L
545,546,63,XL
546,547,63,XXL
547,548,63,3XL
548,549,63,4XL
549,550,63,5XL
550,551,63,6XL
551,552,64,XS
552,553,64,S
553,554,64,M
554,555,64,L
555,556,64,XL
556,557,64,XXL
557,558,64,3XL
558,559,64,4XL
559,560,64,5XL
560,561,64,6XL
561,562,65,XS
562,563,65,S
563,564,65,M
564,565,65,L
565,566,65,XL
566,567,65,XXL
567,568,65,3XL
568,569,65,4XL
569,570,65,5XL
570,571,65,6XL
571,572,66,XS
572,573,66,S
573,574,66,M
574,575,66,L
575,576,66,XL
576,577,66,XXL
577,578,66,3XL
578,579,66,4XL
579,580,66,5XL
580,581,66,6XL
581,582,67,XS
582,583,67,S
583,584,67,M
584,585,67,L
585,586,67,XL
586,587,67,XXL
587,588,67,3XL
588,589,67,4XL
589,590,67,5XL
590,591,67,6XL
591,592,68,XS
592,593,68,S
593,594,68,M
594,595,68,L
595,596,68,XL
596,597,68,XXL
597,598,68,3XL
598,599,68,4XL
599,600,68,5XL
600,601,68,6XL
601,602,69,XS
602,603,69,S
603,604,69,M
604,605,69,L
605,606,69,XL
606,607,69,XXL
607,608,69,3XL
608,609,69,4XL
609,610,69,5XL
610,611,69,6XL
611,612,70,XS
612,613,70,S
613,614,70,M
614,615,70,L
615,616,70,XL
616,617,70,XXL
617,618,70,3XL
618,619,70,4XL
619,620,70,5XL
620,621,70,6XL
621,622,71,XS
622,623,71,S
623,624,71,M
624,625,71,L
625,626,71,XL
626,627,71,XXL
627,628,71,3XL
628,629,71,4XL
629,630,71,5XL
630,631,71,6XL
631,632,73,M
632,633,73,L
633,634,73,XL
634,635,73,XXL
635,636,73,3XL
636,637,73,4XL
637,638,73,5XL
638,639,73,6XL
639,640,73,Unnamed: 9
640,641,73,Unnamed: 10
641,642,75,XS
642,643,75,S
643,644,75,M
644,645,75,L
645,646,75,XL
646,647,75,XXL
647,648,75,3XL
648,649,75,4XL
649,650,75,5XL
650,651,75,6XL
651,652,76,XS
652,653,76,S
653,654,76,M
654,655,76,L
655,656,76,XL
656,657,76,XXL
657,658,76,3XL
658,659,76,4XL
659,660,76,5XL
660,661,76,6XL
661,662,76,7XL
662,663,77,XS
663,664,77,S
664,665,77,M
665,666,77,L
666,667,77,XL
667,668,77,XXL
668,669,77,3XL
669,670,77,4XL
670,671,77,5XL
671,672,77,6XL
672,673,78,XS
673,674,78,S
674,675,78,M
675,676,78,L
676,677,78,XL
677,678,78,XXL
678,679,78,3XL
679,680,78,4XL
680,681,78,5XL
681,682,78,6XL
682,683,79,XS
683,684,79,S
684,685,79,M
685,686,79,L
686,687,79,XL
687,688,79,XXL
688,689,79,3XL
689,690,79,4XL
690,691,79,5XL
691,692,79,6XL
692,693,79,7XL
693,694,80,XS
694,695,80,S
695,696,80,M
696,697,80,L
697,698,80,XL
698,699,80,XXL
699,700,80,3XL
700,701,80,4XL
701,702,80,5XL
702,703,80,6XL
703,704,81,XS
704,705,81,S
705,706,81,M
706,707,81,L
707,708,81,XL
708,709,81,XXL
709,710,81,3XL
710,711,81,4XL
711,712,81,5XL
712,713,81,6XL
713,714,82,XS
714,715,82,S
715,716,82,M
716,717,82,L
717,718,82,XL
718,719,82,XXL
719,720,82,3XL
720,721,82,4XL
721,722,82,5XL
722,723,82,6XL
723,724,83,XS
724,725,83,S
725,726,83,M
726,727,83,L
727,728,83,XL
728,729,83,XXL
729,730,83,3XL
730,731,83,4XL
731,732,83,5XL
732,733,83,6XL
733,734,84,XS
734,735,84,S
735,736,84,M
736,737,84,L
737,738,84,XL
738,739,84,XXL
739,740,84,3XL
740,741,84,4XL
741,742,84,5XL
742,743,84,6XL
743,744,85,XS
744,745,85,S
745,746,85,M
746,747,85,L
747,748,85,XL
748,749,85,XXL
749,750,85,3XL
750,751,85,4XL
751,752,85,5XL
752,753,85,6XL
753,754,86,XS
754,755,86,S
755,756,86,M
756,757,86,L
757,758,86,XL
758,759,86,XXL
759,760,86,3XL
760,761,86,4XL
761,762,86,5XL
762,763,86,6XL
763,764,88,M
764,765,88,L
765,766,88,XL
766,767,88,XXL
767,768,88,3XL
768,769,88,4XL
769,770,88,5XL
770,771,88,6XL
771,772,88,Unnamed: 9
772,773,88,Unnamed: 10
773,774,89,XS
774,775,89,S
775,776,89,M
776,777,89,L
777,778,89,XL
778,779,89,XXL
779,780,89,3XL
780,781,89,4XL
781,782,89,5XL
782,783,89,6XL
783,784,93,XS
784,785,93,S
785,786,93,M
786,787,93,L
787,788,93,XL
788,789,93,XXL
789,790,93,3XL
790,791,93,4XL
791,792,93,5XL
792,793,93,6XL
793,794,94,XS
794,795,94,S
795,796,94,M
796,797,94,L
797,798,94,XL
798,799,94,XXL
799,800,94,3XL
800,801,94,4XL
801,802,94,5XL
802,803,94,6XL
803,804,95,XS
804,805,95,S
805,806,95,M
806,807,95,L
807,808,95,XL
808,809,95,XXL
809,810,95,3XL
810,811,95,4XL
811,812,95,5XL
812,813,95,6XL
813,814,96,XS
814,815,96,S
815,816,96,M
816,817,96,L
817,818,96,XL
818,819,96,XXL
819,820,96,3XL
820,821,96,4XL
821,822,96,5XL
822,823,96,6XL
823,824,98,XS
824,825,98,S
825,826,98,M
826,827,98,L
827,828,98,XL
828,829,98,XXL
829,830,98,3XL
830,831,98,4XL
831,832,98,5XL
832,833,98,6XL
833,834,99,XS
834,835,99,S
835,836,99,M
836,837,99,L
837,838,99,XL
838,839,99,XXL
839,840,99,3XL
840,841,99,4XL
841,842,99,5XL
842,843,99,6XL
843,844,100,XS
844,845,100,S
845,846,100,M
846,847,100,L
847,848,100,XL
848,849,100,XXL
849,850,100,3XL
850,851,100,4XL
851,852,100,5XL
852,853,100,6XL
853,854,103,XS
854,855,103,S
855,856,103,M
856,857,103,L
857,858,103,XL
858,859,103,XXL
859,860,103,3XL
860,861,103,4XL
861,862,103,5XL
862,863,103,6XL
863,864,104,XS
864,865,104,S
865,866,104,M
866,867,104,L
867,868,104,XL
868,869,104,XXL
869,870,104,3XL
870,871,104,4XL
871,872,104,5XL
872,873,104,6XL
873,874,105,XS
874,875,105,S
875,876,105,M
876,877,105,L
877,878,105,XL
878,879,105,XXL
879,880,105,3XL
880,881,105,4XL
881,882,105,5XL
882,883,105,6XL
883,884,105,7XL
884,885,106,XS
885,886,106,S
886,887,106,M
887,888,106,L
888,889,106,XL
889,890,106,XXL
890,891,106,3XL
891,892,106,4XL
892,893,106,5XL
893,894,106,6XL
894,895,107,XS
895,896,107,S
896,897,107,M
897,898,107,L
898,899,107,XL
899,900,107,XXL
900,901,107,3XL
901,902,107,4XL
902,903,107,5XL
903,904,107,6XL
904,905,108,XS
905,906,108,S
906,907,108,M
907,908,108,L
908,909,108,XL
909,910,108,XXL
910,911,108,3XL
911,912,108,4XL
912,913,108,5XL
913,914,108,6XL
914,915,109,XS
915,916,109,S
916,917,109,M
917,918,109,L
918,919,109,XL
919,920,109,XXL
920,921,109,3XL
921,922,109,4XL
922,923,109,5XL
923,924,109,6XL
924,925,111,XS
925,926,111,S
926,927,111,M
927,928,111,L
928,929,111,XL
929,930,111,XXL
930,931,111,3XL
931,932,111,4XL
932,933,111,5XL
933,934,111,6XL
934,935,112,XS
935,936,112,S
936,937,112,M
937,938,112,L
938,939,112,XL
939,940,112,XXL
940,941,112,3XL
941,942,112,4XL
942,943,112,5XL
943,944,112,6XL
944,945,113,XS
945,946,113,S
946,947,113,M
947,948,113,L
948,949,113,XL
949,950,113,XXL
950,951,113,3XL
951,952,113,4XL
952,953,113,5XL
953,954,113,6XL
954,955,114,M
955,956,114,L
956,957,114,XL
957,958,114,XXL
958,959,114,3XL
959,960,114,4XL
960,961,114,5XL
961,962,114,6XL
962,963,114,Unnamed: 9
963,964,114,Unnamed: 10
964,965,115,XS
965,966,115,S
966,967,115,M
967,968,115,L
968,969,115,XL
969,970,115,XXL
970,971,115,3XL
971,972,115,4XL
972,973,115,5XL
973,974,115,6XL
974,975,116,XS
975,976,116,S
976,977,116,M
977,978,116,L
978,979,116,XL
979,980,116,XXL
980,981,116,3XL
981,982,116,4XL
982,983,116,5XL
983,984,116,6XL
984,985,117,XS
985,986,117,S
986,987,117,M
987,988,117,L
988,989,117,XL
989,990,117,XXL
990,991,117,3XL
991,992,117,4XL
992,993,117,5XL
993,994,117,6XL
994,995,118,XS
995,996,118,S
996,997,118,M
997,998,118,L
998,999,118,XL
999,1000,118,XXL
1000,1001,118,3XL
1001,1002,118,4XL
1002,1003,118,5XL
1003,1004,118,6XL
1004,1005,120,XS
1005,1006,120,S
1006,1007,120,M
1007,1008,120,L
1008,1009,120,XL
1009,1010,120,XXL
1010,1011,120,3XL
1011,1012,120,4XL
1012,1013,120,5XL
1013,1014,120,6XL
1014,1015,122,XS
1015,1016,122,S
1016,1017,122,M
1017,1018,122,L
1018,1019,122,XL
1019,1020,122,XXL
1020,1021,122,3XL
1021,1022,122,4XL
1022,1023,122,5XL
1023,1024,122,6XL
1024,1025,123,XS
1025,1026,123,S
1026,1027,123,M
1027,1028,123,L
1028,1029,123,XL
1029,1030,123,XXL
1030,1031,123,3XL
1031,1032,123,4XL
1032,1033,123,5XL
1033,1034,123,6XL
1034,1035,124,XS
1035,1036,124,S
1036,1037,124,M
1037,1038,124,L
1038,1039,124,XL
1039,1040,124,XXL
1040,1041,124,3XL
1041,1042,124,4XL
1042,1043,124,5XL
1043,1044,124,6XL
1044,1045,125,XS
1045,1046,125,S
1046,1047,125,M
1047,1048,125,L
1048,1049,125,XL
1049,1050,125,XXL
1050,1051,125,3XL
1051,1052,125,4XL
1052,1053,125,5XL
1053,1054,125,6XL
1054,1055,127,XS
1055,1056,127,S
1056,1057,127,M
1057,1058,127,L
1058,1059,127,XL
1059,1060,127,XXL
1060,1061,127,3XL
1061,1062,127,4XL
1062,1063,127,5XL
1063,1064,127,6XL
1064,1065,128,XS
1065,1066,128,S
1066,1067,128,M
1067,1068,128,L
1068,1069,128,XL
1069,1070,128,XXL
1070,1071,128,3XL
1071,1072,128,4XL
1072,1073,128,5XL
1073,1074,128,6XL
1074,1075,129,XS
1075,1076,129,S
1076,1077,129,M
1077,1078,129,L
1078,1079,129,XL
1079,1080,129,XXL
1080,1081,129,3XL
1081,1082,129,4XL
1082,1083,129,5XL
1083,1084,129,6XL
1084,1085,129,7XL
1085,1086,131,XS
1086,1087,131,S
1087,1088,131,M
1088,1089,131,L
1089,1090,131,XL
1090,1091,131,XXL
1091,1092,131,3XL
1092,1093,131,4XL
1093,1094,131,5XL
1094,1095,131,6XL
1095,1096,132,XS
1096,1097,132,S
1097,1098,132,M
1098,1099,132,L
1099,1100,132,XL
1100,1101,132,XXL
1101,1102,132,3XL
1102,1103,132,4XL
1103,1104,132,5XL
1104,1105,132,6XL
1105,1106,133,XS
1106,1107,133,S
1107,1108,133,M
1108,1109,133,L
1109,1110,133,XL
1110,1111,133,XXL
1111,1112,133,3XL
1112,1113,133,4XL
1113,1114,133,5XL
1114,1115,133,6XL
1115,1116,134,XS
1116,1117,134,S
1117,1118,134,M
1118,1119,134,L
1119,1120,134,XL
1120,1121,134,XXL
1121,1122,134,3XL
1122,1123,134,4XL
1123,1124,134,5XL
1124,1125,134,6XL
1125,1126,135,M
1126,1127,135,L
1127,1128,135,XL
1128,1129,135,XXL
1129,1130,135,3XL
1130,1131,135,4XL
1131,1132,135,5XL
1132,1133,135,6XL
1133,1134,135,Unnamed: 9
1134,1135,135,Unnamed: 10
1135,1136,136,XS
1136,1137,136,S
1137,1138,136,M
1138,1139,136,L
1139,1140,136,XL
1140,1141,136,XXL
1141,1142,136,3XL
1142,1143,136,4XL
1143,1144,136,5XL
1144,1145,136,6XL
1145,1146,138,XS
1146,1147,138,S
1147,1148,138,M
1148,1149,138,L
1149,1150,138,XL
1150,1151,138,XXL
1151,1152,138,3XL
1152,1153,138,4XL
1153,1154,138,5XL
1154,1155,138,6XL
1155,1156,139,XS
1156,1157,139,S
1157,1158,139,M
1158,1159,139,L
1159,1160,139,XL
1160,1161,139,XXL
1161,1162,139,3XL
1162,1163,139,4XL
1163,1164,139,5XL
1164,1165,139,6XL
1165,1166,140,XS
1166,1167,140,S
1167,1168,140,M
1168,1169,140,L
1169,1170,140,XL
1170,1171,140,XXL
1171,1172,140,3XL
1172,1173,140,4XL
1173,1174,140,5XL
1174,1175,140,6XL
1175,1176,142,XS
1176,1177,142,S
1177,1178,142,M
1178,1179,142,L
1179,1180,142,XL
1180,1181,142,XXL
1181,1182,142,3XL
1182,1183,142,4XL
1183,1184,142,5XL
1184,1185,142,6XL
1185,1186,142,7XL
1186,1187,144,XS
1187,1188,144,S
1188,1189,144,M
1189,1190,144,L
1190,1191,144,XL
1191,1192,144,XXL
1192,1193,144,3XL
1193,1194,144,4XL
1194,1195,144,5XL
1195,1196,144,6XL
1196,1197,145,XS
1197,1198,145,S
1198,1199,145,M
1199,1200,145,L
1200,1201,145,XL
1201,1202,145,XXL
1202,1203,145,3XL
1203,1204,145,4XL
1204,1205,145,5XL
1205,1206,145,6XL
1206,1207,146,XS
1207,1208,146,S
1208,1209,146,M
1209,1210,146,L
1210,1211,146,XL
1211,1212,146,XXL
1212,1213,146,3XL
1213,1214,146,4XL
1214,1215,146,5XL
1215,1216,146,6XL
1216,1217,147,XS
1217,1218,147,S
1218,1219,147,M
1219,1220,147,L
1220,1221,147,XL
1221,1222,147,XXL
1222,1223,147,3XL
1223,1224,147,4XL
1224,1225,147,5XL
1225,1226,147,6XL
1226,1227,148,XS
1227,1228,148,S
1228,1229,148,M
1229,1230,148,L
1230,1231,148,XL
1231,1232,148,XXL
1232,1233,148,3XL
1233,1234,148,4XL
1234,1235,148,5XL
1235,1236,148,6XL
1236,1237,149,XS
1237,1238,149,S
1238,1239,149,M
1239,1240,149,L
1240,1241,149,XL
1241,1242,149,XXL
1242,1243,149,3XL
1243,1244,149,4XL
1244,1245,149,5XL
1245,1246,149,6XL
1246,1247,149,7XL
1247,1248,150,XS
1248,1249,150,S
1249,1250,150,M
1250,1251,150,L
1251,1252,150,XL
1252,1253,150,XXL
1253,1254,150,3XL
1254,1255,150,4XL
1255,1256,150,5XL
1256,1257,150,6XL
1257,1258,152,XS
1258,1259,152,S
1259,1260,152,M
1260,1261,152,L
1261,1262,152,XL
1262,1263,152,XXL
1263,1264,152,3XL
1264,1265,152,4XL
1265,1266,152,5XL
1266,1267,152,6XL
1267,1268,153,XS
1268,1269,153,S
1269,1270,153,M
1270,1271,153,L
1271,1272,153,XL
1272,1273,153,XXL
1273,1274,153,3XL
1274,1275,153,4XL
1275,1276,153,5XL
1276,1277,153,6XL
1277,1278,154,XS
1278,1279,154,S
1279,1280,154,M
1280,1281,154,L
1281,1282,154,XL
1282,1283,154,XXL
1283,1284,154,3XL
1284,1285,154,4XL
1285,1286,154,5XL
1286,1287,154,6XL
1287,1288,155,XS
1288,1289,155,S
1289,1290,155,M
1290,1291,155,L
1291,1292,155,XL
1292,1293,155,XXL
1293,1294,155,3XL
1294,1295,155,4XL
1295,1296,155,5XL
1296,1297,155,6XL
1297,1298,156,XS
1298,1299,156,S
1299,1300,156,M
1300,1301,156,L
1301,1302,156,XL
1302,1303,156,XXL
1303,1304,156,3XL
1304,1305,156,4XL
1305,1306,156,5XL
1306,1307,156,6XL
1307,1308,157,XS
1308,1309,157,S
1309,1310,157,M
1310,1311,157,L
1311,1312,157,XL
1312,1313,157,XXL
1313,1314,157,3XL
1314,1315,157,4XL
1315,1316,157,5XL
1316,1317,157,6XL
1317,1318,158,S
1318,1319,158,M
1319,1320,158,L
1320,1321,158,XL
1321,1322,158,XXL
1322,1323,158,3XL
1323,1324,158,4XL
1324,1325,159,XS
1325,1326,159,S
1326,1327,159,M
1327,1328,159,L
1328,1329,159,XL
1329,1330,159,XXL
1330,1331,159,3XL
1331,1332,159,4XL
1332,1333,159,5XL
1333,1334,159,6XL
1334,1335,160,XS
1335,1336,160,S
1336,1337,160,M
1337,1338,160,L
1338,1339,160,XL
1339,1340,160,XXL
1340,1341,160,3XL
1341,1342,160,4XL
1342,1343,160,5XL
1343,1344,160,6XL
1344,1345,161,XS
1345,1346,161,S
1346,1347,161,M
1347,1348,161,L
1348,1349,161,XL
1349,1350,161,XXL
1350,1351,161,3XL
1351,1352,161,4XL
1352,1353,161,5XL
1353,1354,161,6XL
1354,1355,162,XS
1355,1356,162,S
1356,1357,162,M
1357,1358,162,L
1358,1359,162,XL
1359,1360,162,XXL
1360,1361,162,3XL
1361,1362,162,4XL
1362,1363,162,5XL
1363,1364,162,6XL
1364,1365,163,XS
1365,1366,163,S
1366,1367,163,M
1367,1368,163,L
1368,1369,163,XL
1369,1370,163,XXL
1370,1371,163,3XL
1371,1372,163,4XL
1372,1373,163,5XL
1373,1374,163,6XL
1374,1375,165,XS
1375,1376,165,S
1376,1377,165,M
1377,1378,165,L
1378,1379,165,XL
1379,1380,165,XXL
1380,1381,165,3XL
1381,1382,165,4XL
1382,1383,165,5XL
1383,1384,165,6XL
1384,1385,166,XS
1385,1386,166,S
1386,1387,166,M
1387,1388,166,L
1388,1389,166,XL
1389,1390,166,XXL
1390,1391,166,3XL
1391,1392,166,4XL
1392,1393,166,5XL
1393,1394,166,6XL
1394,1395,168,S
1395,1396,168,M
1396,1397,168,L
1397,1398,168,XL
1398,1399,168,XXL
1399,1400,168,3XL
1400,1401,168,4XL
1401,1402,169,XS
1402,1403,169,S
1403,1404,169,M
1404,1405,169,L
1405,1406,169,XL
1406,1407,169,XXL
1407,1408,169,3XL
1408,1409,169,4XL
1409,1410,169,5XL
1410,1411,169,6XL
1411,1412,170,XS
1412,1413,170,S
1413,1414,170,M
1414,1415,170,L
1415,1416,170,XL
1416,1417,170,XXL
1417,1418,170,3XL
1418,1419,170,4XL
1419,1420,170,5XL
1420,1421,170,6XL
1421,1422,171,XS
1422,1423,171,S
1423,1424,171,M
1424,1425,171,L
1425,1426,171,XL
1426,1427,171,XXL
1427,1428,171,3XL
1428,1429,171,4XL
1429,1430,171,5XL
1430,1431,171,6XL
1431,1432,172,XS
1432,1433,172,S
1433,1434,172,M
1434,1435,172,L
1435,1436,172,XL
1436,1437,172,XXL
1437,1438,172,3XL
1438,1439,172,4XL
1439,1440,172,5XL
1440,1441,172,6XL
1441,1442,173,XS
1442,1443,173,S
1443,1444,173,M
1444,1445,173,L
1445,1446,173,XL
1446,1447,173,XXL
1447,1448,173,3XL
1448,1449,173,4XL
1449,1450,173,5XL
1450,1451,173,6XL
1451,1452,174,XS
1452,1453,174,S
1453,1454,174,M
1454,1455,174,L
1455,1456,174,XL
1456,1457,174,XXL
1457,1458,174,3XL
1458,1459,174,4XL
1459,1460,174,5XL
1460,1461,174,6XL
1461,1462,175,XS
1462,1463,175,S
1463,1464,175,M
1464,1465,175,L
1465,1466,175,XL
1466,1467,175,XXL
1467,1468,175,3XL
1468,1469,175,4XL
1469,1470,175,5XL
1470,1471,175,6XL
1471,1472,176,XS
1472,1473,176,S
1473,1474,176,M
1474,1475,176,L
1475,1476,176,XL
1476,1477,176,XXL
1477,1478,176,3XL
1478,1479,176,4XL
1479,1480,176,5XL
1480,1481,176,6XL
1481,1482,178,XS
1482,1483,178,S
1483,1484,178,M
1484,1485,178,L
1485,1486,178,XL
1486,1487,178,XXL
1487,1488,178,3XL
1488,1489,178,4XL
1489,1490,178,5XL
1490,1491,178,6XL
1491,1492,179,XS
1492,1493,179,S
1493,1494,179,M
1494,1495,179,L
1495,1496,179,XL
1496,1497,179,XXL
1497,1498,179,3XL
1498,1499,179,4XL
1499,1500,179,5XL
1500,1501,179,6XL
1501,1502,180,XS
1502,1503,180,S
1503,1504,180,M
1504,1505,180,L
1505,1506,180,XL
1506,1507,180,XXL
1507,1508,180,3XL
1508,1509,180,4XL
1509,1510,180,5XL
1510,1511,180,6XL
1511,1512,181,XS
1512,1513,181,S
1513,1514,181,M
1514,1515,181,L
1515,1516,181,XL
1516,1517,181,XXL
1517,1518,181,3XL
1518,1519,181,4XL
1519,1520,181,5XL
1520,1521,181,6XL
1521,1522,182,XS
1522,1523,182,S
1523,1524,182,M
1524,1525,182,L
1525,1526,182,XL
1526,1527,182,XXL
1527,1528,182,3XL
1528,1529,182,4XL
1529,1530,182,5XL
1530,1531,182,6XL
1531,1532,183,XS
1532,1533,183,S
1533,1534,183,M
1534,1535,183,L
1535,1536,183,XL
1536,1537,183,XXL
1537,1538,183,3XL
1538,1539,183,4XL
1539,1540,183,5XL
1540,1541,183,6XL
1541,1542,184,S
1542,1543,184,M
1543,1544,184,L
1544,1545,184,XL
1545,1546,184,XXL
1546,1547,184,3XL
1547,1548,184,4XL
1548,1549,185,XS
1549,1550,185,S
1550,1551,185,M
1551,1552,185,L
1552,1553,185,XL
1553,1554,185,XXL
1554,1555,185,3XL
1555,1556,185,4XL
1556,1557,185,5XL
1557,1558,185,6XL
1558,1559,186,XS
1559,1560,186,S
1560,1561,186,M
1561,1562,186,L
1562,1563,186,XL
1563,1564,186,XXL
1564,1565,186,3XL
1565,1566,186,4XL
1566,1567,186,5XL
1567,1568,186,6XL
1568,1569,187,XS
1569,1570,187,S
1570,1571,187,M
1571,1572,187,L
1572,1573,187,XL
1573,1574,187,XXL
1574,1575,187,3XL
1575,1576,187,4XL
1576,1577,187,5XL
1577,1578,187,6XL
1578,1579,188,XS
1579,1580,188,S
1580,1581,188,M
1581,1582,188,L
1582,1583,188,XL
1583,1584,188,XXL
1584,1585,188,3XL
1585,1586,188,4XL
1586,1587,188,5XL
1587,1588,188,6XL
1588,1589,189,XS
1589,1590,189,S
1590,1591,189,M
1591,1592,189,L
1592,1593,189,XL
1593,1594,189,XXL
1594,1595,189,3XL
1595,1596,189,4XL
1596,1597,189,5XL
1597,1598,189,6XL
1598,1599,190,XS
1599,1600,190,S
1600,1601,190,M
1601,1602,190,L
1602,1603,190,XL
1603,1604,190,XXL
1604,1605,190,3XL
1605,1606,190,4XL
1606,1607,190,5XL
1607,1608,190,6XL
1608,1609,191,XS
1609,1610,191,S
1610,1611,191,M
1611,1612,191,L
1612,1613,191,XL
1613,1614,191,XXL
1614,1615,191,3XL
1615,1616,191,4XL
1616,1617,191,5XL
1617,1618,191,6XL
1618,1619,192,XS
1619,1620,192,S
1620,1621,192,M
1621,1622,192,L
1622,1623,192,XL
1623,1624,192,XXL
1624,1625,192,3XL
1625,1626,192,4XL
1626,1627,192,5XL
1627,1628,192,6XL
1628,1629,194,XS
1629,1630,194,S
1630,1631,194,M
1631,1632,194,L
1632,1633,194,XL
1633,1634,194,XXL
1634,1635,194,3XL
1635,1636,194,4XL
1636,1637,194,5XL
1637,1638,194,6XL
1638,1639,195,XS
1639,1640,195,S
1640,1641,195,M
1641,1642,195,L
1642,1643,195,XL
1643,1644,195,XXL
1644,1645,195,3XL
1645,1646,195,4XL
1646,1647,195,5XL
1647,1648,195,6XL
1648,1649,197,XS
1649,1650,197,S
1650,1651,197,M
1651,1652,197,L
1652,1653,197,XL
1653,1654,197,XXL
1654,1655,197,3XL
1655,1656,197,4XL
1656,1657,197,5XL
1657,1658,197,6XL
1658,1659,198,XS
1659,1660,198,S
1660,1661,198,M
1661,1662,198,L
1662,1663,198,XL
1663,1664,198,XXL
1664,1665,198,3XL
1665,1666,198,4XL
1666,1667,198,5XL
1667,1668,198,6XL
1668,1669,199,XS
1669,1670,199,S
1670,1671,199,M
1671,1672,199,L
1672,1673,199,XL
1673,1674,199,XXL
1674,1675,199,3XL
1675,1676,199,4XL
1676,1677,199,5XL
1677,1678,199,6XL
1678,1679,200,XS
1679,1680,200,S
1680,1681,200,M
1681,1682,200,L
1682,1683,200,XL
1683,1684,200,XXL
1684,1685,200,3XL
1685,1686,200,4XL
1686,1687,200,5XL
1687,1688,200,6XL
1688,1689,201,XS
1689,1690,201,S
1690,1691,201,M
1691,1692,201,L
1692,1693,201,XL
1693,1694,201,XXL
1694,1695,201,3XL
1695,1696,201,4XL
1696,1697,201,5XL
1697,1698,201,6XL
1698,1699,202,XS
1699,1700,202,S
1700,1701,202,M
1701,1702,202,L
1702,1703,202,XL
1703,1704,202,XXL
1704,1705,202,3XL
1705,1706,202,4XL
1706,1707,202,5XL
1707,1708,202,6XL
1708,1709,205,XS
1709,1710,205,S
1710,1711,205,M
1711,1712,205,L
1712,1713,205,XL
1713,1714,205,XXL
1714,1715,205,3XL
1715,1716,205,4XL
1716,1717,205,5XL
1717,1718,205,6XL
1718,1719,206,XS
1719,1720,206,S
1720,1721,206,M
1721,1722,206,L
1722,1723,206,XL
1723,1724,206,XXL
1724,1725,206,3XL
1725,1726,206,4XL
1726,1727,206,5XL
1727,1728,206,6XL
1728,1729,207,XS
1729,1730,207,S
1730,1731,207,M
1731,1732,207,L
1732,1733,207,XL
1733,1734,207,XXL
1734,1735,207,3XL
1735,1736,207,4XL
1736,1737,207,5XL
1737,1738,207,6XL
1738,1739,208,XS
1739,1740,208,S
1740,1741,208,M
1741,1742,208,L
1742,1743,208,XL
1743,1744,208,XXL
1744,1745,208,3XL
1745,1746,208,4XL
1746,1747,208,5XL
1747,1748,208,6XL
1748,1749,209,XS
1749,1750,209,S
1750,1751,209,M
1751,1752,209,L
1752,1753,209,XL
1753,1754,209,XXL
1754,1755,209,3XL
1755,1756,209,4XL
1756,1757,209,5XL
1757,1758,209,6XL
1758,1759,211,XS
1759,1760,211,S
1760,1761,211,M
1761,1762,211,L
1762,1763,211,XL
1763,1764,211,XXL
1764,1765,211,3XL
1765,1766,211,4XL
1766,1767,211,5XL
1767,1768,211,6XL
1768,1769,215,XS
1769,1770,215,S
1770,1771,215,M
1771,1772,215,L
1772,1773,215,XL
1773,1774,215,XXL
1774,1775,215,3XL
1775,1776,215,4XL
1776,1777,215,5XL
1777,1778,215,6XL
1778,1779,216,XS
1779,1780,216,S
1780,1781,216,M
1781,1782,216,L
1782,1783,216,XL
1783,1784,216,XXL
1784,1785,216,3XL
1785,1786,216,4XL
1786,1787,216,5XL
1787,1788,216,6XL
1788,1789,217,XS
1789,1790,217,S
1790,1791,217,M
1791,1792,217,L
1792,1793,217,XL
1793,1794,217,XXL
1794,1795,217,3XL
1795,1796,217,4XL
1796,1797,217,5XL
1797,1798,217,6XL
1798,1799,218,XS
1799,1800,218,S
1800,1801,218,M
1801,1802,218,L
1802,1803,218,XL
1803,1804,218,XXL
1804,1805,218,3XL
1805,1806,218,4XL
1806,1807,218,5XL
1807,1808,218,6XL
1808,1809,219,XS
1809,1810,219,S
1810,1811,219,M
1811,1812,219,L
1812,1813,219,XL
1813,1814,219,XXL
1814,1815,219,3XL
1815,1816,219,4XL
1816,1817,219,5XL
1817,1818,219,6XL
1818,1819,220,XS
1819,1820,220,S
1820,1821,220,M
1821,1822,220,L
1822,1823,220,XL
1823,1824,220,XXL
1824,1825,220,3XL
1825,1826,220,4XL
1826,1827,220,5XL
1827,1828,220,6XL
1828,1829,221,XS
1829,1830,221,S
1830,1831,221,M
1831,1832,221,L
1832,1833,221,XL
1833,1834,221,XXL
1834,1835,221,3XL
1835,1836,221,4XL
1836,1837,221,5XL
1837,1838,221,6XL
1838,1839,222,XS
1839,1840,222,S
1840,1841,222,M
1841,1842,222,L
1842,1843,222,XL
1843,1844,222,XXL
1844,1845,222,3XL
1845,1846,222,4XL
1846,1847,222,5XL
1847,1848,222,6XL
1848,1849,223,XS
1849,1850,223,S
1850,1851,223,M
1851,1852,223,L
1852,1853,223,XL
1853,1854,223,XXL
1854,1855,223,3XL
1855,1856,223,4XL
1856,1857,223,5XL
1857,1858,223,6XL
1858,1859,224,XS
1859,1860,224,S
1860,1861,224,M
1861,1862,224,L
1862,1863,224,XL
1863,1864,224,XXL
1864,1865,224,3XL
1865,1866,224,4XL
1866,1867,224,5XL
1867,1868,224,6XL
1868,1869,224,7XL
1869,1870,225,XS
1870,1871,225,S
1871,1872,225,M
1872,1873,225,L
1873,1874,225,XL
1874,1875,225,XXL
1875,1876,225,3XL
1876,1877,225,4XL
1877,1878,225,5XL
1878,1879,225,6XL
1879,1880,226,XS
1880,1881,226,S
1881,1882,226,M
1882,1883,226,L
1883,1884,226,XL
1884,1885,226,XXL
1885,1886,226,3XL
1886,1887,226,4XL
1887,1888,226,5XL
1888,1889,226,6XL
1889,1890,227,XS
1890,1891,227,S
1891,1892,227,M
1892,1893,227,L
1893,1894,227,XL
1894,1895,227,XXL
1895,1896,227,3XL
1896,1897,227,4XL
1897,1898,227,5XL
1898,1899,227,6XL
1899,1900,230,XS
1900,1901,230,S
1901,1902,230,M
1902,1903,230,L
1903,1904,230,XL
1904,1905,230,XXL
1905,1906,230,3XL
1906,1907,230,4XL
1907,1908,230,5XL
1908,1909,230,6XL
1909,1910,231,XS
1910,1911,231,S
1911,1912,231,M
1912,1913,231,L
1913,1914,231,XL
1914,1915,231,XXL
1915,1916,231,3XL
1916,1917,231,4XL
1917,1918,231,5XL
1918,1919,231,6XL
1919,1920,234,XS
1920,1921,234,S
1921,1922,234,M
1922,1923,234,L
1923,1924,234,XL
1924,1925,234,XXL
1925,1926,234,3XL
1926,1927,234,4XL
1927,1928,234,5XL
1928,1929,234,6XL
1929,1930,235,XS
1930,1931,235,S
1931,1932,235,M
1932,1933,235,L
1933,1934,235,XL
1934,1935,235,XXL
1935,1936,235,3XL
1936,1937,235,4XL
1937,1938,235,5XL
1938,1939,235,6XL
1939,1940,237,XS
1940,1941,237,S
1941,1942,237,M
1942,1943,237,L
1943,1944,237,XL
1944,1945,237,XXL
1945,1946,237,3XL
1946,1947,237,4XL
1947,1948,237,5XL
1948,1949,237,6XL
1949,1950,238,XS
1950,1951,238,S
1951,1952,238,M
1952,1953,238,L
1953,1954,238,XL
1954,1955,238,XXL
1955,1956,238,3XL
1956,1957,238,4XL
1957,1958,238,5XL
1958,1959,238,6XL
1959,1960,239,XS
1960,1961,239,S
1961,1962,239,M
1962,1963,239,L
1963,1964,239,XL
1964,1965,239,XXL
1965,1966,239,3XL
1966,1967,239,4XL
1967,1968,239,5XL
1968,1969,239,6XL
1969,1970,240,XS
1970,1971,240,S
1971,1972,240,M
1972,1973,240,L
1973,1974,240,XL
1974,1975,240,XXL
1975,1976,240,3XL
1976,1977,240,4XL
1977,1978,240,5XL
1978,1979,240,6XL
1979,1980,241,XS
1980,1981,241,S
1981,1982,241,M
1982,1983,241,L
1983,1984,241,XL
1984,1985,241,XXL
1985,1986,241,3XL
1986,1987,241,4XL
1987,1988,241,5XL
1988,1989,241,6XL
1989,1990,242,XS
1990,1991,242,S
1991,1992,242,M
1992,1993,242,L
1993,1994,242,XL
1994,1995,242,XXL
1995,1996,242,3XL
1996,1997,242,4XL
1997,1998,242,5XL
1998,1999,242,6XL
1999,2000,243,XS
2000,2001,243,S
2001,2002,243,M
2002,2003,243,L
2003,2004,243,XL
2004,2005,243,XXL
2005,2006,243,3XL
2006,2007,243,4XL
2007,2008,243,5XL
2008,2009,243,6XL
2009,2010,244,XS
2010,2011,244,S
2011,2012,244,M
2012,2013,244,L
2013,2014,244,XL
2014,2015,244,XXL
2015,2016,244,3XL
2016,2017,244,4XL
2017,2018,244,5XL
2018,2019,244,6XL
2019,2020,245,XS
2020,2021,245,S
2021,2022,245,M
2022,2023,245,L
2023,2024,245,XL
2024,2025,245,XXL
2025,2026,245,3XL
2026,2027,245,4XL
2027,2028,245,5XL
2028,2029,245,6XL
2029,2030,246,XS
2030,2031,246,S
2031,2032,246,M
2032,2033,246,L
2033,2034,246,XL
2034,2035,246,XXL
2035,2036,246,3XL
2036,2037,246,4XL
2037,2038,246,5XL
2038,2039,246,6XL
2039,2040,247,XS
2040,2041,247,S
2041,2042,247,M
2042,2043,247,L
2043,2044,247,XL
2044,2045,247,XXL
2045,2046,247,3XL
2046,2047,247,4XL
2047,2048,247,5XL
2048,2049,247,6XL
2049,2050,248,XS
2050,2051,248,S
2051,2052,248,M
2052,2053,248,L
2053,2054,248,XL
2054,2055,248,XXL
2055,2056,248,3XL
2056,2057,248,4XL
2057,2058,248,5XL
2058,2059,248,6XL
2059,2060,249,XS
2060,2061,249,S
2061,2062,249,M
2062,2063,249,L
2063,2064,249,XL
2064,2065,249,XXL
2065,2066,249,3XL
2066,2067,249,4XL
2067,2068,249,5XL
2068,2069,249,6XL
2069,2070,250,XS
2070,2071,250,S
2071,2072,250,M
2072,2073,250,L
2073,2074,250,XL
2074,2075,250,XXL
2075,2076,250,3XL
2076,2077,250,4XL
2077,2078,250,5XL
2078,2079,250,6XL
2079,2080,251,XS
2080,2081,251,S
2081,2082,251,M
2082,2083,251,L
2083,2084,251,XL
2084,2085,251,XXL
2085,2086,251,3XL
2086,2087,251,4XL
2087,2088,251,5XL
2088,2089,251,6XL
2089,2090,253,XS
2090,2091,253,S
2091,2092,253,M
2092,2093,253,L
2093,2094,253,XL
2094,2095,253,XXL
2095,2096,253,3XL
2096,2097,253,4XL
2097,2098,253,5XL
2098,2099,253,6XL
2099,2100,254,XS
2100,2101,254,S
2101,2102,254,M
2102,2103,254,L
2103,2104,254,XL
2104,2105,254,XXL
2105,2106,254,3XL
2106,2107,254,4XL
2107,2108,254,5XL
2108,2109,254,6XL
2109,2110,255,XS
2110,2111,255,S
2111,2112,255,M
2112,2113,255,L
2113,2114,255,XL
2114,2115,255,XXL
2115,2116,255,3XL
2116,2117,255,4XL
2117,2118,255,5XL
2118,2119,255,6XL
2119,2120,256,XS
2120,2121,256,S
2121,2122,256,M
2122,2123,256,L
2123,2124,256,XL
2124,2125,256,XXL
2125,2126,256,3XL
2126,2127,256,4XL
2127,2128,256,5XL
2128,2129,256,6XL
2129,2130,256,7XL
2130,2131,257,XS
2131,2132,257,S
2132,2133,257,M
2133,2134,257,L
2134,2135,257,XL
2135,2136,257,XXL
2136,2137,257,3XL
2137,2138,257,4XL
2138,2139,257,5XL
2139,2140,257,6XL
2140,2141,258,XS
2141,2142,258,S
2142,2143,258,M
2143,2144,258,L
2144,2145,258,XL
2145,2146,258,XXL
2146,2147,258,3XL
2147,2148,258,4XL
2148,2149,258,5XL
2149,2150,258,6XL
2150,2151,259,XS
2151,2152,259,S
2152,2153,259,M
2153,2154,259,L
2154,2155,259,XL
2155,2156,259,XXL
2156,2157,259,3XL
2157,2158,259,4XL
2158,2159,259,5XL
2159,2160,259,6XL
2160,2161,260,XS
2161,2162,260,S
2162,2163,260,M
2163,2164,260,L
2164,2165,260,XL
2165,2166,260,XXL
2166,2167,260,3XL
2167,2168,260,4XL
2168,2169,260,5XL
2169,2170,260,6XL
2170,2171,261,XS
2171,2172,261,S
2172,2173,261,M
2173,2174,261,L
2174,2175,261,XL
2175,2176,261,XXL
2176,2177,261,3XL
2177,2178,261,4XL
2178,2179,261,5XL
2179,2180,261,6XL
2180,2181,262,XS
2181,2182,262,S
2182,2183,262,M
2183,2184,262,L
2184,2185,262,XL
2185,2186,262,XXL
2186,2187,262,3XL
2187,2188,262,4XL
2188,2189,262,5XL
2189,2190,262,6XL
2190,2191,263,XS
2191,2192,263,S
2192,2193,263,M
2193,2194,263,L
2194,2195,263,XL
2195,2196,263,XXL
2196,2197,263,3XL
2197,2198,263,4XL
2198,2199,263,5XL
2199,2200,263,6XL
2200,2201,264,XS
2201,2202,264,S
2202,2203,264,M
2203,2204,264,L
2204,2205,264,XL
2205,2206,264,XXL
2206,2207,264,3XL
2207,2208,264,4XL
2208,2209,264,5XL
2209,2210,264,6XL
2210,2211,265,XS
2211,2212,265,S
2212,2213,265,M
2213,2214,265,L
2214,2215,265,XL
2215,2216,265,XXL
2216,2217,265,3XL
2217,2218,265,4XL
2218,2219,265,5XL
2219,2220,265,6XL
2220,2221,266,XS
2221,2222,266,S
2222,2223,266,M
2223,2224,266,L
2224,2225,266,XL
2225,2226,266,XXL
2226,2227,266,3XL
2227,2228,266,4XL
2228,2229,266,5XL
2229,2230,266,6XL
2230,2231,267,XS
2231,2232,267,S
2232,2233,267,M
2233,2234,267,L
2234,2235,267,XL
2235,2236,267,XXL
2236,2237,267,3XL
2237,2238,267,4XL
2238,2239,267,5XL
2239,2240,267,6XL
2240,2241,268,XS
2241,2242,268,S
2242,2243,268,M
2243,2244,268,L
2244,2245,268,XL
2245,2246,268,XXL
2246,2247,268,3XL
2247,2248,268,4XL
2248,2249,268,5XL
2249,2250,268,6XL
2250,2251,269,XS
2251,2252,269,S
2252,2253,269,M
2253,2254,269,L
2254,2255,269,XL
2255,2256,269,XXL
2256,2257,269,3XL
2257,2258,269,4XL
2258,2259,269,5XL
2259,2260,269,6XL
2260,2261,271,XS
2261,2262,271,S
2262,2263,271,M
2263,2264,271,L
2264,2265,271,XL
2265,2266,271,XXL
2266,2267,271,3XL
2267,2268,271,4XL
2268,2269,271,5XL
2269,2270,271,6XL
2270,2271,272,XS
2271,2272,272,S
2272,2273,272,M
2273,2274,272,L
2274,2275,272,XL
2275,2276,272,XXL
2276,2277,272,3XL
2277,2278,272,4XL
2278,2279,272,5XL
2279,2280,272,6XL
2280,2281,273,XS
2281,2282,273,S
2282,2283,273,M
2283,2284,273,L
2284,2285,273,XL
2285,2286,273,XXL
2286,2287,273,3XL
2287,2288,273,4XL
2288,2289,273,5XL
2289,2290,273,6XL
2290,2291,274,XS
2291,2292,274,S
2292,2293,274,M
2293,2294,274,L
2294,2295,274,XL
2295,2296,274,XXL
2296,2297,274,3XL
2297,2298,274,4XL
2298,2299,274,5XL
2299,2300,274,6XL
2300,2301,275,XS
2301,2302,275,S
2302,2303,275,M
2303,2304,275,L
2304,2305,275,XL
2305,2306,275,XXL
2306,2307,275,3XL
2307,2308,275,4XL
2308,2309,275,5XL
2309,2310,275,6XL
2310,2311,276,XS
2311,2312,276,S
2312,2313,276,M
2313,2314,276,L
2314,2315,276,XL
2315,2316,276,XXL
2316,2317,276,3XL
2317,2318,276,4XL
2318,2319,276,5XL
2319,2320,276,6XL
2320,2321,277,XS
2321,2322,277,S
2322,2323,277,M
2323,2324,277,L
2324,2325,277,XL
2325,2326,277,XXL
2326,2327,277,3XL
2327,2328,277,4XL
2328,2329,277,5XL
2329,2330,277,6XL
2330,2331,278,XS
2331,2332,278,S
2332,2333,278,M
2333,2334,278,L
2334,2335,278,XL
2335,2336,278,XXL
2336,2337,278,3XL
2337,2338,278,4XL
2338,2339,278,5XL
2339,2340,278,6XL
2340,2341,279,XS
2341,2342,279,S
2342,2343,279,M
2343,2344,279,L
2344,2345,279,XL
2345,2346,279,XXL
2346,2347,279,3XL
2347,2348,279,4XL
2348,2349,279,5XL
2349,2350,279,6XL
2350,2351,280,XS
2351,2352,280,S
2352,2353,280,M
2353,2354,280,L
2354,2355,280,XL
2355,2356,280,XXL
2356,2357,280,3XL
2357,2358,280,4XL
2358,2359,280,5XL
2359,2360,280,6XL
2360,2361,281,XS
2361,2362,281,S
2362,2363,281,M
2363,2364,281,L
2364,2365,281,XL
2365,2366,281,XXL
2366,2367,281,3XL
2367,2368,281,4XL
2368,2369,281,5XL
2369,2370,281,6XL
2370,2371,282,XS
2371,2372,282,S
2372,2373,282,M
2373,2374,282,L
2374,2375,282,XL
2375,2376,282,XXL
2376,2377,282,3XL
2377,2378,282,4XL
2378,2379,282,5XL
2379,2380,282,6XL
2380,2381,283,XS
2381,2382,283,S
2382,2383,283,M
2383,2384,283,L
2384,2385,283,XL
2385,2386,283,XXL
2386,2387,283,3XL
2387,2388,283,4XL
2388,2389,283,5XL
2389,2390,283,6XL
2390,2391,284,XS
2391,2392,284,S
2392,2393,284,M
2393,2394,284,L
2394,2395,284,XL
2395,2396,284,XXL
2396,2397,284,3XL
2397,2398,284,4XL
2398,2399,284,5XL
2399,2400,284,6XL
2400,2401,285,XS
2401,2402,285,S
2402,2403,285,M
2403,2404,285,L
2404,2405,285,XL
2405,2406,285,XXL
2406,2407,285,3XL
2407,2408,285,4XL
2408,2409,285,5XL
2409,2410,285,6XL
2410,2411,286,S
2411,2412,286,M
2412,2413,286,L
2413,2414,286,XL
2414,2415,286,XXL
2415,2416,286,3XL
2416,2417,286,4XL
2417,2418,287,XS
2418,2419,287,S
2419,2420,287,M
2420,2421,287,L
2421,2422,287,XL
2422,2423,287,XXL
2423,2424,287,3XL
2424,2425,287,4XL
2425,2426,287,5XL
2426,2427,287,6XL
2427,2428,288,XS
2428,2429,288,S
2429,2430,288,M
2430,2431,288,L
2431,2432,288,XL
2432,2433,288,XXL
2433,2434,288,3XL
2434,2435,288,4XL
2435,2436,288,5XL
2436,2437,288,6XL
2437,2438,289,XS
2438,2439,289,S
2439,2440,289,M
2440,2441,289,L
2441,2442,289,XL
2442,2443,289,XXL
2443,2444,289,3XL
2444,2445,289,4XL
2445,2446,289,5XL
2446,2447,289,6XL
2447,2448,290,XS
2448,2449,290,S
2449,2450,290,M
2450,2451,290,L
2451,2452,290,XL
2452,2453,290,XXL
2453,2454,290,3XL
2454,2455,290,4XL
2455,2456,290,5XL
2456,2457,290,6XL
2457,2458,292,XS
2458,2459,292,S
2459,2460,292,M
2460,2461,292,L
2461,2462,292,XL
2462,2463,292,XXL
2463,2464,292,3XL
2464,2465,292,4XL
2465,2466,292,5XL
2466,2467,292,6XL
