"filename", "language", "JSON", "SQLite", "CSV", "Python", "Markdown", "Home Assistant", "JSON with Comments", "TypeScript", "JavaScript", "TypeScript JSX", "CSS", "comment", "blank", "total"
"/Users/gero/dev/Nexa/backup/1737942552803-product-exports-01JJJQ5M73MM05N1KPAZJMGX42.csv", "CSV", 0, 0, 265, 0, 0, 0, 0, 0, 0, 0, 0, 0, 0, 265
"/Users/gero/dev/Nexa/backup/dump_2025-01-27_16_48_21.sql", "SQLite", 0, 14197, 0, 0, 0, 0, 0, 0, 0, 0, 0, 2604, 2739, 19540
"/Users/gero/dev/Nexa/nexa/.github/ISSUE_TEMPLATE/bug_report.md", "Markdown", 0, 0, 0, 0, 30, 0, 0, 0, 0, 0, 0, 0, 9, 39
"/Users/gero/dev/Nexa/nexa/.github/ISSUE_TEMPLATE/feature_request.md", "Markdown", 0, 0, 0, 0, 15, 0, 0, 0, 0, 0, 0, 0, 6, 21
"/Users/gero/dev/Nexa/nexa/.github/workflows/node.js.yml", "Home Assistant", 0, 0, 0, 0, 0, 34, 0, 0, 0, 0, 0, 3, 6, 43
"/Users/gero/dev/Nexa/nexa/README.md", "Markdown", 0, 0, 0, 0, 152, 0, 0, 0, 0, 0, 0, 0, 68, 220
"/Users/gero/dev/Nexa/nexa/medusa/.yarn/releases/yarn-4.3.1.cjs", "JavaScript", 0, 0, 0, 0, 0, 0, 0, 0, 543, 0, 0, 300, 52, 895
"/Users/gero/dev/Nexa/nexa/medusa/.yarnrc.yml", "Home Assistant", 0, 0, 0, 0, 0, 4, 0, 0, 0, 0, 0, 0, 4, 8
"/Users/gero/dev/Nexa/nexa/medusa/README.md", "Markdown", 0, 0, 0, 0, 51, 0, 0, 0, 0, 0, 0, 0, 20, 71
"/Users/gero/dev/Nexa/nexa/medusa/docker-compose.yml", "Home Assistant", 0, 0, 0, 0, 0, 47, 0, 0, 0, 0, 0, 0, 5, 52
"/Users/gero/dev/Nexa/nexa/medusa/instrumentation.js", "JavaScript", 0, 0, 0, 0, 0, 0, 0, 0, 0, 0, 0, 21, 3, 24
"/Users/gero/dev/Nexa/nexa/medusa/integration-tests/http/README.md", "Markdown", 0, 0, 0, 0, 23, 0, 0, 0, 0, 0, 0, 0, 6, 29
"/Users/gero/dev/Nexa/nexa/medusa/integration-tests/http/health.spec.ts", "TypeScript", 0, 0, 0, 0, 0, 0, 0, 14, 0, 0, 0, 0, 1, 15
"/Users/gero/dev/Nexa/nexa/medusa/jest.config.js", "JavaScript", 0, 0, 0, 0, 0, 0, 0, 0, 24, 0, 0, 0, 2, 26
"/Users/gero/dev/Nexa/nexa/medusa/medusa-config.js", "JavaScript", 0, 0, 0, 0, 0, 0, 0, 0, 63, 0, 0, 0, 3, 66
"/Users/gero/dev/Nexa/nexa/medusa/package.json", "JSON", 64, 0, 0, 0, 0, 0, 0, 0, 0, 0, 0, 0, 1, 65
"/Users/gero/dev/Nexa/nexa/medusa/src/admin/README.md", "Markdown", 0, 0, 0, 0, 22, 0, 0, 0, 0, 0, 0, 0, 9, 31
"/Users/gero/dev/Nexa/nexa/medusa/src/admin/components/EditMaterialDrawer.tsx", "TypeScript JSX", 0, 0, 0, 0, 0, 0, 0, 0, 0, 69, 0, 0, 4, 73
"/Users/gero/dev/Nexa/nexa/medusa/src/admin/components/Form/Form.tsx", "TypeScript JSX", 0, 0, 0, 0, 0, 0, 0, 0, 0, 56, 0, 0, 6, 62
"/Users/gero/dev/Nexa/nexa/medusa/src/admin/components/Form/ImageField.tsx", "TypeScript JSX", 0, 0, 0, 0, 0, 0, 0, 0, 0, 132, 0, 0, 8, 140
"/Users/gero/dev/Nexa/nexa/medusa/src/admin/components/Form/InputField.tsx", "TypeScript JSX", 0, 0, 0, 0, 0, 0, 0, 0, 0, 87, 0, 0, 5, 92
"/Users/gero/dev/Nexa/nexa/medusa/src/admin/components/Form/SelectField.tsx", "TypeScript JSX", 0, 0, 0, 0, 0, 0, 0, 0, 0, 60, 0, 0, 4, 64
"/Users/gero/dev/Nexa/nexa/medusa/src/admin/components/Form/SubmitButton.tsx", "TypeScript JSX", 0, 0, 0, 0, 0, 0, 0, 0, 0, 15, 0, 0, 2, 17
"/Users/gero/dev/Nexa/nexa/medusa/src/admin/components/Form/TextareaField.tsx", "TypeScript JSX", 0, 0, 0, 0, 0, 0, 0, 0, 0, 51, 0, 0, 4, 55
"/Users/gero/dev/Nexa/nexa/medusa/src/admin/components/QueryClientProvider.tsx", "TypeScript JSX", 0, 0, 0, 0, 0, 0, 0, 0, 0, 24, 0, 0, 4, 28
"/Users/gero/dev/Nexa/nexa/medusa/src/admin/hooks/fashion.ts", "TypeScript", 0, 0, 0, 0, 0, 0, 0, 76, 0, 0, 0, 0, 7, 83
"/Users/gero/dev/Nexa/nexa/medusa/src/admin/hooks/images.ts", "TypeScript", 0, 0, 0, 0, 0, 0, 0, 76, 0, 0, 0, 0, 10, 86
"/Users/gero/dev/Nexa/nexa/medusa/src/admin/routes/fashion/[id]/page.tsx", "TypeScript JSX", 0, 0, 0, 0, 0, 0, 0, 0, 0, 481, 0, 3, 23, 507
"/Users/gero/dev/Nexa/nexa/medusa/src/admin/routes/fashion/page.tsx", "TypeScript JSX", 0, 0, 0, 0, 0, 0, 0, 0, 0, 345, 0, 3, 16, 364
"/Users/gero/dev/Nexa/nexa/medusa/src/admin/tsconfig.json", "JSON with Comments", 0, 0, 0, 0, 0, 0, 20, 0, 0, 0, 0, 2, 3, 25
"/Users/gero/dev/Nexa/nexa/medusa/src/admin/widgets/collection-details.tsx", "TypeScript JSX", 0, 0, 0, 0, 0, 0, 0, 0, 0, 257, 0, 0, 22, 279
"/Users/gero/dev/Nexa/nexa/medusa/src/admin/widgets/product-fashion.tsx", "TypeScript JSX", 0, 0, 0, 0, 0, 0, 0, 0, 0, 231, 0, 64, 17, 312
"/Users/gero/dev/Nexa/nexa/medusa/src/admin/widgets/product-type-details.tsx", "TypeScript JSX", 0, 0, 0, 0, 0, 0, 0, 0, 0, 138, 0, 0, 9, 147
"/Users/gero/dev/Nexa/nexa/medusa/src/api/README.md", "Markdown", 0, 0, 0, 0, 101, 0, 0, 0, 0, 0, 0, 0, 36, 137
"/Users/gero/dev/Nexa/nexa/medusa/src/api/admin/custom/collections/[collectionId]/details/route.ts", "TypeScript", 0, 0, 0, 0, 0, 0, 0, 117, 0, 0, 0, 0, 9, 126
"/Users/gero/dev/Nexa/nexa/medusa/src/api/admin/custom/product-types/[productTypeId]/details/route.ts", "TypeScript", 0, 0, 0, 0, 0, 0, 0, 45, 0, 0, 0, 0, 9, 54
"/Users/gero/dev/Nexa/nexa/medusa/src/api/admin/fashion/[id]/colors/[colorId]/restore/route.ts", "TypeScript", 0, 0, 0, 0, 0, 0, 0, 15, 0, 0, 0, 0, 6, 21
"/Users/gero/dev/Nexa/nexa/medusa/src/api/admin/fashion/[id]/colors/[colorId]/route.ts", "TypeScript", 0, 0, 0, 0, 0, 0, 0, 51, 0, 0, 0, 0, 16, 67
"/Users/gero/dev/Nexa/nexa/medusa/src/api/admin/fashion/[id]/colors/route.ts", "TypeScript", 0, 0, 0, 0, 0, 0, 0, 45, 0, 0, 0, 0, 12, 57
"/Users/gero/dev/Nexa/nexa/medusa/src/api/admin/fashion/[id]/restore/route.ts", "TypeScript", 0, 0, 0, 0, 0, 0, 0, 13, 0, 0, 0, 0, 5, 18
"/Users/gero/dev/Nexa/nexa/medusa/src/api/admin/fashion/[id]/route.ts", "TypeScript", 0, 0, 0, 0, 0, 0, 0, 37, 0, 0, 0, 0, 13, 50
"/Users/gero/dev/Nexa/nexa/medusa/src/api/admin/fashion/route.ts", "TypeScript", 0, 0, 0, 0, 0, 0, 0, 39, 0, 0, 0, 0, 12, 51
"/Users/gero/dev/Nexa/nexa/medusa/src/api/admin/products/[id]/fashion/route.ts", "TypeScript", 0, 0, 0, 0, 0, 0, 0, 67, 0, 0, 0, 0, 12, 79
"/Users/gero/dev/Nexa/nexa/medusa/src/api/middlewares.ts", "TypeScript", 0, 0, 0, 0, 0, 0, 0, 3, 0, 0, 0, 0, 2, 5
"/Users/gero/dev/Nexa/nexa/medusa/src/api/store/custom/fashion/[productHandle]/route.ts", "TypeScript", 0, 0, 0, 0, 0, 0, 0, 77, 0, 0, 0, 0, 13, 90
"/Users/gero/dev/Nexa/nexa/medusa/src/api/store/custom/product-types/[id]/route.ts", "TypeScript", 0, 0, 0, 0, 0, 0, 0, 18, 0, 0, 0, 0, 3, 21
"/Users/gero/dev/Nexa/nexa/medusa/src/api/store/custom/product-types/helpers.ts", "TypeScript", 0, 0, 0, 0, 0, 0, 0, 14, 0, 0, 0, 0, 3, 17
"/Users/gero/dev/Nexa/nexa/medusa/src/api/store/custom/product-types/middlewares.ts", "TypeScript", 0, 0, 0, 0, 0, 0, 0, 31, 0, 0, 0, 0, 2, 33
"/Users/gero/dev/Nexa/nexa/medusa/src/api/store/custom/product-types/query-config.ts", "TypeScript", 0, 0, 0, 0, 0, 0, 0, 15, 0, 0, 0, 0, 3, 18
"/Users/gero/dev/Nexa/nexa/medusa/src/api/store/custom/product-types/route.ts", "TypeScript", 0, 0, 0, 0, 0, 0, 0, 23, 0, 0, 0, 0, 3, 26
"/Users/gero/dev/Nexa/nexa/medusa/src/api/store/custom/product-types/validators.ts", "TypeScript", 0, 0, 0, 0, 0, 0, 0, 28, 0, 0, 0, 2, 3, 33
"/Users/gero/dev/Nexa/nexa/medusa/src/jobs/README.md", "Markdown", 0, 0, 0, 0, 27, 0, 0, 0, 0, 0, 0, 0, 12, 39
"/Users/gero/dev/Nexa/nexa/medusa/src/links/README.md", "Markdown", 0, 0, 0, 0, 14, 0, 0, 0, 0, 0, 0, 0, 6, 20
"/Users/gero/dev/Nexa/nexa/medusa/src/modules/README.md", "Markdown", 0, 0, 0, 0, 57, 0, 0, 0, 0, 0, 0, 0, 24, 81
"/Users/gero/dev/Nexa/nexa/medusa/src/modules/fashion/index.ts", "TypeScript", 0, 0, 0, 0, 0, 0, 0, 6, 0, 0, 0, 0, 3, 9
"/Users/gero/dev/Nexa/nexa/medusa/src/modules/fashion/migrations/.snapshot-medusa.json", "JSON", 185, 0, 0, 0, 0, 0, 0, 0, 0, 0, 0, 0, 1, 186
"/Users/gero/dev/Nexa/nexa/medusa/src/modules/fashion/migrations/Migration20241002190028.ts", "TypeScript", 0, 0, 0, 0, 0, 0, 0, 14, 0, 0, 0, 0, 9, 23
"/Users/gero/dev/Nexa/nexa/medusa/src/modules/fashion/models/color.ts", "TypeScript", 0, 0, 0, 0, 0, 0, 0, 13, 0, 0, 0, 0, 4, 17
"/Users/gero/dev/Nexa/nexa/medusa/src/modules/fashion/models/material.ts", "TypeScript", 0, 0, 0, 0, 0, 0, 0, 10, 0, 0, 0, 0, 4, 14
"/Users/gero/dev/Nexa/nexa/medusa/src/modules/fashion/service.ts", "TypeScript", 0, 0, 0, 0, 0, 0, 0, 7, 0, 0, 0, 0, 2, 9
"/Users/gero/dev/Nexa/nexa/medusa/src/scripts/README.md", "Markdown", 0, 0, 0, 0, 43, 0, 0, 0, 0, 0, 0, 0, 21, 64
"/Users/gero/dev/Nexa/nexa/medusa/src/scripts/seed.ts", "TypeScript", 0, 0, 0, 0, 0, 0, 0, 2563, 0, 0, 0, 6, 70, 2639
"/Users/gero/dev/Nexa/nexa/medusa/src/subscribers/README.md", "Markdown", 0, 0, 0, 0, 45, 0, 0, 0, 0, 0, 0, 0, 17, 62
"/Users/gero/dev/Nexa/nexa/medusa/src/workflows/README.md", "Markdown", 0, 0, 0, 0, 60, 0, 0, 0, 0, 0, 0, 0, 18, 78
"/Users/gero/dev/Nexa/nexa/medusa/tsconfig.json", "JSON with Comments", 0, 0, 0, 0, 0, 0, 34, 0, 0, 0, 0, 0, 1, 35
"/Users/gero/dev/Nexa/nexa/storefront/.eslintrc.js", "JavaScript", 0, 0, 0, 0, 0, 0, 0, 0, 3, 0, 0, 0, 0, 3
"/Users/gero/dev/Nexa/nexa/storefront/.github/scripts/medusa-config.js", "JavaScript", 0, 0, 0, 0, 0, 0, 0, 0, 66, 0, 0, 4, 7, 77
"/Users/gero/dev/Nexa/nexa/storefront/.github/workflows/test-e2e.yaml", "Home Assistant", 0, 0, 0, 0, 0, 128, 0, 0, 0, 0, 0, 1, 22, 151
"/Users/gero/dev/Nexa/nexa/storefront/.yarnrc.yml", "Home Assistant", 0, 0, 0, 0, 0, 1, 0, 0, 0, 0, 0, 0, 1, 2
"/Users/gero/dev/Nexa/nexa/storefront/README.md", "Markdown", 0, 0, 0, 0, 214, 0, 0, 0, 0, 0, 0, 0, 90, 304
"/Users/gero/dev/Nexa/nexa/storefront/check-env-variables.js", "JavaScript", 0, 0, 0, 0, 0, 0, 0, 0, 51, 0, 0, 0, 8, 59
"/Users/gero/dev/Nexa/nexa/storefront/e2e/README.md", "Markdown", 0, 0, 0, 0, 55, 0, 0, 0, 0, 0, 0, 0, 35, 90
"/Users/gero/dev/Nexa/nexa/storefront/e2e/data/reset.ts", "TypeScript", 0, 0, 0, 0, 0, 0, 0, 96, 0, 0, 0, 3, 8, 107
"/Users/gero/dev/Nexa/nexa/storefront/e2e/data/seed.ts", "TypeScript", 0, 0, 0, 0, 0, 0, 0, 93, 0, 0, 0, 1, 9, 103
"/Users/gero/dev/Nexa/nexa/storefront/e2e/fixtures/account/account-page.ts", "TypeScript", 0, 0, 0, 0, 0, 0, 0, 39, 0, 0, 0, 0, 7, 46
"/Users/gero/dev/Nexa/nexa/storefront/e2e/fixtures/account/addresses-page.ts", "TypeScript", 0, 0, 0, 0, 0, 0, 0, 38, 0, 0, 0, 0, 5, 43
"/Users/gero/dev/Nexa/nexa/storefront/e2e/fixtures/account/index.ts", "TypeScript", 0, 0, 0, 0, 0, 0, 0, 46, 0, 0, 0, 0, 2, 48
"/Users/gero/dev/Nexa/nexa/storefront/e2e/fixtures/account/login-page.ts", "TypeScript", 0, 0, 0, 0, 0, 0, 0, 23, 0, 0, 0, 0, 4, 27
"/Users/gero/dev/Nexa/nexa/storefront/e2e/fixtures/account/modals/address-modal.ts", "TypeScript", 0, 0, 0, 0, 0, 0, 0, 35, 0, 0, 0, 0, 6, 41
"/Users/gero/dev/Nexa/nexa/storefront/e2e/fixtures/account/order-page.ts", "TypeScript", 0, 0, 0, 0, 0, 0, 0, 76, 0, 0, 0, 0, 5, 81
"/Users/gero/dev/Nexa/nexa/storefront/e2e/fixtures/account/orders-page.ts", "TypeScript", 0, 0, 0, 0, 0, 0, 0, 52, 0, 0, 0, 0, 6, 58
"/Users/gero/dev/Nexa/nexa/storefront/e2e/fixtures/account/overview-page.ts", "TypeScript", 0, 0, 0, 0, 0, 0, 0, 42, 0, 0, 0, 0, 5, 47
"/Users/gero/dev/Nexa/nexa/storefront/e2e/fixtures/account/profile-page.ts", "TypeScript", 0, 0, 0, 0, 0, 0, 0, 147, 0, 0, 0, 1, 19, 167
"/Users/gero/dev/Nexa/nexa/storefront/e2e/fixtures/account/register-page.ts", "TypeScript", 0, 0, 0, 0, 0, 0, 0, 25, 0, 0, 0, 0, 3, 28
"/Users/gero/dev/Nexa/nexa/storefront/e2e/fixtures/base/base-modal.ts", "TypeScript", 0, 0, 0, 0, 0, 0, 0, 18, 0, 0, 0, 0, 5, 23
"/Users/gero/dev/Nexa/nexa/storefront/e2e/fixtures/base/base-page.ts", "TypeScript", 0, 0, 0, 0, 0, 0, 0, 30, 0, 0, 0, 0, 4, 34
"/Users/gero/dev/Nexa/nexa/storefront/e2e/fixtures/base/cart-dropdown.ts", "TypeScript", 0, 0, 0, 0, 0, 0, 0, 46, 0, 0, 0, 0, 6, 52
"/Users/gero/dev/Nexa/nexa/storefront/e2e/fixtures/base/nav-menu.ts", "TypeScript", 0, 0, 0, 0, 0, 0, 0, 51, 0, 0, 0, 0, 5, 56
"/Users/gero/dev/Nexa/nexa/storefront/e2e/fixtures/base/search-modal.ts", "TypeScript", 0, 0, 0, 0, 0, 0, 0, 32, 0, 0, 0, 0, 5, 37
"/Users/gero/dev/Nexa/nexa/storefront/e2e/fixtures/cart-page.ts", "TypeScript", 0, 0, 0, 0, 0, 0, 0, 113, 0, 0, 0, 0, 7, 120
"/Users/gero/dev/Nexa/nexa/storefront/e2e/fixtures/category-page.ts", "TypeScript", 0, 0, 0, 0, 0, 0, 0, 42, 0, 0, 0, 1, 6, 49
"/Users/gero/dev/Nexa/nexa/storefront/e2e/fixtures/checkout-page.ts", "TypeScript", 0, 0, 0, 0, 0, 0, 0, 272, 0, 0, 0, 0, 24, 296
"/Users/gero/dev/Nexa/nexa/storefront/e2e/fixtures/index.ts", "TypeScript", 0, 0, 0, 0, 0, 0, 0, 53, 0, 0, 0, 0, 2, 55
"/Users/gero/dev/Nexa/nexa/storefront/e2e/fixtures/modals/mobile-actions-modal.ts", "TypeScript", 0, 0, 0, 0, 0, 0, 0, 18, 0, 0, 0, 0, 5, 23
"/Users/gero/dev/Nexa/nexa/storefront/e2e/fixtures/order-page.ts", "TypeScript", 0, 0, 0, 0, 0, 0, 0, 88, 0, 0, 0, 0, 5, 93
"/Users/gero/dev/Nexa/nexa/storefront/e2e/fixtures/product-page.ts", "TypeScript", 0, 0, 0, 0, 0, 0, 0, 45, 0, 0, 0, 0, 8, 53
"/Users/gero/dev/Nexa/nexa/storefront/e2e/fixtures/store-page.ts", "TypeScript", 0, 0, 0, 0, 0, 0, 0, 15, 0, 0, 0, 0, 3, 18
"/Users/gero/dev/Nexa/nexa/storefront/e2e/index.ts", "TypeScript", 0, 0, 0, 0, 0, 0, 0, 5, 0, 0, 0, 0, 2, 7
"/Users/gero/dev/Nexa/nexa/storefront/e2e/tests/authenticated/address.spec.ts", "TypeScript", 0, 0, 0, 0, 0, 0, 0, 238, 0, 0, 0, 0, 20, 258
"/Users/gero/dev/Nexa/nexa/storefront/e2e/tests/authenticated/orders.spec.ts", "TypeScript", 0, 0, 0, 0, 0, 0, 0, 336, 0, 0, 0, 0, 39, 375
"/Users/gero/dev/Nexa/nexa/storefront/e2e/tests/authenticated/profile.spec.ts", "TypeScript", 0, 0, 0, 0, 0, 0, 0, 217, 0, 0, 0, 0, 27, 244
"/Users/gero/dev/Nexa/nexa/storefront/e2e/tests/global/public-setup.ts", "TypeScript", 0, 0, 0, 0, 0, 0, 0, 5, 0, 0, 0, 0, 2, 7
"/Users/gero/dev/Nexa/nexa/storefront/e2e/tests/global/setup.ts", "TypeScript", 0, 0, 0, 0, 0, 0, 0, 22, 0, 0, 0, 0, 4, 26
"/Users/gero/dev/Nexa/nexa/storefront/e2e/tests/global/teardown.ts", "TypeScript", 0, 0, 0, 0, 0, 0, 0, 6, 0, 0, 0, 0, 2, 8
"/Users/gero/dev/Nexa/nexa/storefront/e2e/tests/public/cart.spec.ts", "TypeScript", 0, 0, 0, 0, 0, 0, 0, 180, 0, 0, 0, 5, 18, 203
"/Users/gero/dev/Nexa/nexa/storefront/e2e/tests/public/checkout.spec.ts", "TypeScript", 0, 0, 0, 0, 0, 0, 0, 525, 0, 0, 0, 0, 58, 583
"/Users/gero/dev/Nexa/nexa/storefront/e2e/tests/public/discount.spec.ts", "TypeScript", 0, 0, 0, 0, 0, 0, 0, 484, 0, 0, 0, 0, 43, 527
"/Users/gero/dev/Nexa/nexa/storefront/e2e/tests/public/giftcard.spec.ts", "TypeScript", 0, 0, 0, 0, 0, 0, 0, 688, 0, 0, 0, 0, 66, 754
"/Users/gero/dev/Nexa/nexa/storefront/e2e/tests/public/login.spec.ts", "TypeScript", 0, 0, 0, 0, 0, 0, 0, 62, 0, 0, 0, 0, 9, 71
"/Users/gero/dev/Nexa/nexa/storefront/e2e/tests/public/register.spec.ts", "TypeScript", 0, 0, 0, 0, 0, 0, 0, 55, 0, 0, 0, 0, 13, 68
"/Users/gero/dev/Nexa/nexa/storefront/e2e/tests/public/search.spec.ts", "TypeScript", 0, 0, 0, 0, 0, 0, 0, 63, 0, 0, 0, 0, 9, 72
"/Users/gero/dev/Nexa/nexa/storefront/e2e/utils/index.ts", "TypeScript", 0, 0, 0, 0, 0, 0, 0, 13, 0, 0, 0, 0, 2, 15
"/Users/gero/dev/Nexa/nexa/storefront/e2e/utils/locators.ts", "TypeScript", 0, 0, 0, 0, 0, 0, 0, 12, 0, 0, 0, 0, 2, 14
"/Users/gero/dev/Nexa/nexa/storefront/next-env.d.ts", "TypeScript", 0, 0, 0, 0, 0, 0, 0, 0, 0, 0, 0, 5, 2, 7
"/Users/gero/dev/Nexa/nexa/storefront/next-sitemap.js", "JavaScript", 0, 0, 0, 0, 0, 0, 0, 0, 18, 0, 0, 0, 2, 20
"/Users/gero/dev/Nexa/nexa/storefront/next.config.js", "JavaScript", 0, 0, 0, 0, 0, 0, 0, 0, 30, 0, 0, 3, 4, 37
"/Users/gero/dev/Nexa/nexa/storefront/package.json", "JSON", 76, 0, 0, 0, 0, 0, 0, 0, 0, 0, 0, 0, 1, 77
"/Users/gero/dev/Nexa/nexa/storefront/playwright.config.ts", "TypeScript", 0, 0, 0, 0, 0, 0, 0, 48, 0, 0, 0, 22, 8, 78
"/Users/gero/dev/Nexa/nexa/storefront/postcss.config.js", "JavaScript", 0, 0, 0, 0, 0, 0, 0, 0, 6, 0, 0, 0, 1, 7
"/Users/gero/dev/Nexa/nexa/storefront/src/app/[countryCode]/(checkout)/checkout/page.tsx", "TypeScript JSX", 0, 0, 0, 0, 0, 0, 0, 0, 0, 78, 0, 0, 8, 86
"/Users/gero/dev/Nexa/nexa/storefront/src/app/[countryCode]/(checkout)/layout.tsx", "TypeScript JSX", 0, 0, 0, 0, 0, 0, 0, 0, 0, 7, 0, 0, 1, 8
"/Users/gero/dev/Nexa/nexa/storefront/src/app/[countryCode]/(checkout)/not-found.tsx", "TypeScript JSX", 0, 0, 0, 0, 0, 0, 0, 0, 0, 17, 0, 0, 3, 20
"/Users/gero/dev/Nexa/nexa/storefront/src/app/[countryCode]/(main)/about/page.tsx", "TypeScript JSX", 0, 0, 0, 0, 0, 0, 0, 0, 0, 158, 0, 3, 7, 168
"/Users/gero/dev/Nexa/nexa/storefront/src/app/[countryCode]/(main)/cart/loading.tsx", "TypeScript JSX", 0, 0, 0, 0, 0, 0, 0, 0, 0, 4, 0, 0, 2, 6
"/Users/gero/dev/Nexa/nexa/storefront/src/app/[countryCode]/(main)/cart/not-found.tsx", "TypeScript JSX", 0, 0, 0, 0, 0, 0, 0, 0, 0, 18, 0, 0, 4, 22
"/Users/gero/dev/Nexa/nexa/storefront/src/app/[countryCode]/(main)/cart/page.tsx", "TypeScript JSX", 0, 0, 0, 0, 0, 0, 0, 0, 0, 13, 0, 0, 5, 18
"/Users/gero/dev/Nexa/nexa/storefront/src/app/[countryCode]/(main)/collections/[handle]/page.tsx", "TypeScript JSX", 0, 0, 0, 0, 0, 0, 0, 0, 0, 91, 0, 0, 19, 110
"/Users/gero/dev/Nexa/nexa/storefront/src/app/[countryCode]/(main)/cookie-policy/page.tsx", "TypeScript JSX", 0, 0, 0, 0, 0, 0, 0, 0, 0, 117, 0, 0, 5, 122
"/Users/gero/dev/Nexa/nexa/storefront/src/app/[countryCode]/(main)/inspiration/page.tsx", "TypeScript JSX", 0, 0, 0, 0, 0, 0, 0, 0, 0, 189, 0, 1, 6, 196
"/Users/gero/dev/Nexa/nexa/storefront/src/app/[countryCode]/(main)/layout.tsx", "TypeScript JSX", 0, 0, 0, 0, 0, 0, 0, 0, 0, 16, 0, 3, 5, 24
"/Users/gero/dev/Nexa/nexa/storefront/src/app/[countryCode]/(main)/not-found.tsx", "TypeScript JSX", 0, 0, 0, 0, 0, 0, 0, 0, 0, 17, 0, 0, 4, 21
"/Users/gero/dev/Nexa/nexa/storefront/src/app/[countryCode]/(main)/order/confirmed/[id]/loading.tsx", "TypeScript JSX", 0, 0, 0, 0, 0, 0, 0, 0, 0, 4, 0, 0, 2, 6
"/Users/gero/dev/Nexa/nexa/storefront/src/app/[countryCode]/(main)/order/confirmed/[id]/page.tsx", "TypeScript JSX", 0, 0, 0, 0, 0, 0, 0, 0, 0, 19, 0, 0, 6, 25
"/Users/gero/dev/Nexa/nexa/storefront/src/app/[countryCode]/(main)/page.tsx", "TypeScript JSX", 0, 0, 0, 0, 0, 0, 0, 0, 0, 134, 0, 3, 9, 146
"/Users/gero/dev/Nexa/nexa/storefront/src/app/[countryCode]/(main)/privacy-policy/page.tsx", "TypeScript JSX", 0, 0, 0, 0, 0, 0, 0, 0, 0, 163, 0, 0, 5, 168
"/Users/gero/dev/Nexa/nexa/storefront/src/app/[countryCode]/(main)/products/[handle]/page.tsx", "TypeScript JSX", 0, 0, 0, 0, 0, 0, 0, 0, 0, 93, 0, 0, 18, 111
"/Users/gero/dev/Nexa/nexa/storefront/src/app/[countryCode]/(main)/store/page.tsx", "TypeScript JSX", 0, 0, 0, 0, 0, 0, 0, 0, 0, 41, 0, 0, 6, 47
"/Users/gero/dev/Nexa/nexa/storefront/src/app/[countryCode]/(main)/terms-of-use/page.tsx", "TypeScript JSX", 0, 0, 0, 0, 0, 0, 0, 0, 0, 139, 0, 0, 5, 144
"/Users/gero/dev/Nexa/nexa/storefront/src/app/layout.tsx", "TypeScript JSX", 0, 0, 0, 0, 0, 0, 0, 0, 0, 26, 0, 0, 5, 31
"/Users/gero/dev/Nexa/nexa/storefront/src/app/not-found.tsx", "TypeScript JSX", 0, 0, 0, 0, 0, 0, 0, 0, 0, 34, 0, 2, 4, 40
"/Users/gero/dev/Nexa/nexa/storefront/src/app/robots.ts", "TypeScript", 0, 0, 0, 0, 0, 0, 0, 18, 0, 0, 0, 0, 3, 21
"/Users/gero/dev/Nexa/nexa/storefront/src/components/Button.tsx", "TypeScript JSX", 0, 0, 0, 0, 0, 0, 0, 0, 0, 185, 0, 10, 15, 210
"/Users/gero/dev/Nexa/nexa/storefront/src/components/Carousel.tsx", "TypeScript JSX", 0, 0, 0, 0, 0, 0, 0, 0, 0, 107, 0, 2, 9, 118
"/Users/gero/dev/Nexa/nexa/storefront/src/components/CartIcon.tsx", "TypeScript JSX", 0, 0, 0, 0, 0, 0, 0, 0, 0, 20, 0, 0, 4, 24
"/Users/gero/dev/Nexa/nexa/storefront/src/components/Checkbox.tsx", "TypeScript JSX", 0, 0, 0, 0, 0, 0, 0, 0, 0, 29, 0, 2, 5, 36
"/Users/gero/dev/Nexa/nexa/storefront/src/components/CollectionsSection.tsx", "TypeScript JSX", 0, 0, 0, 0, 0, 0, 0, 0, 0, 67, 0, 0, 5, 72
"/Users/gero/dev/Nexa/nexa/storefront/src/components/Drawer.tsx", "TypeScript JSX", 0, 0, 0, 0, 0, 0, 0, 0, 0, 46, 0, 2, 4, 52
"/Users/gero/dev/Nexa/nexa/storefront/src/components/Footer.tsx", "TypeScript JSX", 0, 0, 0, 0, 0, 0, 0, 0, 0, 84, 0, 1, 3, 88
"/Users/gero/dev/Nexa/nexa/storefront/src/components/Forms.tsx", "TypeScript JSX", 0, 0, 0, 0, 0, 0, 0, 0, 0, 130, 0, 17, 16, 163
"/Users/gero/dev/Nexa/nexa/storefront/src/components/Header.tsx", "TypeScript JSX", 0, 0, 0, 0, 0, 0, 0, 0, 0, 65, 0, 16, 7, 88
"/Users/gero/dev/Nexa/nexa/storefront/src/components/HeaderDrawer.tsx", "TypeScript JSX", 0, 0, 0, 0, 0, 0, 0, 0, 0, 58, 0, 10, 5, 73
"/Users/gero/dev/Nexa/nexa/storefront/src/components/HeaderWrapper.tsx", "TypeScript JSX", 0, 0, 0, 0, 0, 0, 0, 0, 0, 76, 0, 0, 13, 89
"/Users/gero/dev/Nexa/nexa/storefront/src/components/Icon.tsx", "TypeScript JSX", 0, 0, 0, 0, 0, 0, 0, 0, 0, 164, 0, 2, 6, 172
"/Users/gero/dev/Nexa/nexa/storefront/src/components/IconCircle.tsx", "TypeScript JSX", 0, 0, 0, 0, 0, 0, 0, 0, 0, 14, 0, 1, 2, 17
"/Users/gero/dev/Nexa/nexa/storefront/src/components/Layout.tsx", "TypeScript JSX", 0, 0, 0, 0, 0, 0, 0, 0, 0, 57, 0, 3, 9, 69
"/Users/gero/dev/Nexa/nexa/storefront/src/components/Link.tsx", "TypeScript JSX", 0, 0, 0, 0, 0, 0, 0, 0, 0, 36, 0, 1, 5, 42
"/Users/gero/dev/Nexa/nexa/storefront/src/components/LocalizedLink.tsx", "TypeScript JSX", 0, 0, 0, 0, 0, 0, 0, 0, 0, 36, 0, 0, 7, 43
"/Users/gero/dev/Nexa/nexa/storefront/src/components/NewsletterForm.tsx", "TypeScript JSX", 0, 0, 0, 0, 0, 0, 0, 0, 0, 57, 0, 2, 6, 65
"/Users/gero/dev/Nexa/nexa/storefront/src/components/NumberField.tsx", "TypeScript JSX", 0, 0, 0, 0, 0, 0, 0, 0, 0, 43, 0, 1, 4, 48
"/Users/gero/dev/Nexa/nexa/storefront/src/components/ProductPageGallery.tsx", "TypeScript JSX", 0, 0, 0, 0, 0, 0, 0, 0, 0, 113, 0, 3, 11, 127
"/Users/gero/dev/Nexa/nexa/storefront/src/components/RegionSwitcher.tsx", "TypeScript JSX", 0, 0, 0, 0, 0, 0, 0, 0, 0, 72, 0, 2, 6, 80
"/Users/gero/dev/Nexa/nexa/storefront/src/components/icons/ArrowLeft.tsx", "TypeScript JSX", 0, 0, 0, 0, 0, 0, 0, 0, 0, 17, 0, 1, 2, 20
"/Users/gero/dev/Nexa/nexa/storefront/src/components/icons/ArrowRight.tsx", "TypeScript JSX", 0, 0, 0, 0, 0, 0, 0, 0, 0, 17, 0, 1, 2, 20
"/Users/gero/dev/Nexa/nexa/storefront/src/components/icons/ArrowUpRight.tsx", "TypeScript JSX", 0, 0, 0, 0, 0, 0, 0, 0, 0, 29, 0, 1, 2, 32
"/Users/gero/dev/Nexa/nexa/storefront/src/components/icons/Calendar.tsx", "TypeScript JSX", 0, 0, 0, 0, 0, 0, 0, 0, 0, 18, 0, 1, 2, 21
"/Users/gero/dev/Nexa/nexa/storefront/src/components/icons/Case.tsx", "TypeScript JSX", 0, 0, 0, 0, 0, 0, 0, 0, 0, 24, 0, 1, 2, 27
"/Users/gero/dev/Nexa/nexa/storefront/src/components/icons/Check.tsx", "TypeScript JSX", 0, 0, 0, 0, 0, 0, 0, 0, 0, 19, 0, 1, 2, 22
"/Users/gero/dev/Nexa/nexa/storefront/src/components/icons/ChevronDown.tsx", "TypeScript JSX", 0, 0, 0, 0, 0, 0, 0, 0, 0, 18, 0, 1, 2, 21
"/Users/gero/dev/Nexa/nexa/storefront/src/components/icons/ChevronLeft.tsx", "TypeScript JSX", 0, 0, 0, 0, 0, 0, 0, 0, 0, 18, 0, 1, 2, 21
"/Users/gero/dev/Nexa/nexa/storefront/src/components/icons/ChevronRight.tsx", "TypeScript JSX", 0, 0, 0, 0, 0, 0, 0, 0, 0, 18, 0, 1, 2, 21
"/Users/gero/dev/Nexa/nexa/storefront/src/components/icons/ChevronUp.tsx", "TypeScript JSX", 0, 0, 0, 0, 0, 0, 0, 0, 0, 18, 0, 1, 2, 21
"/Users/gero/dev/Nexa/nexa/storefront/src/components/icons/Close.tsx", "TypeScript JSX", 0, 0, 0, 0, 0, 0, 0, 0, 0, 18, 0, 1, 2, 21
"/Users/gero/dev/Nexa/nexa/storefront/src/components/icons/CreditCard.tsx", "TypeScript JSX", 0, 0, 0, 0, 0, 0, 0, 0, 0, 18, 0, 1, 2, 21
"/Users/gero/dev/Nexa/nexa/storefront/src/components/icons/Heart.tsx", "TypeScript JSX", 0, 0, 0, 0, 0, 0, 0, 0, 0, 18, 0, 1, 2, 21
"/Users/gero/dev/Nexa/nexa/storefront/src/components/icons/Info.tsx", "TypeScript JSX", 0, 0, 0, 0, 0, 0, 0, 0, 0, 18, 0, 1, 2, 21
"/Users/gero/dev/Nexa/nexa/storefront/src/components/icons/Loader.tsx", "TypeScript JSX", 0, 0, 0, 0, 0, 0, 0, 0, 0, 21, 0, 1, 2, 24
"/Users/gero/dev/Nexa/nexa/storefront/src/components/icons/MapPin.tsx", "TypeScript JSX", 0, 0, 0, 0, 0, 0, 0, 0, 0, 18, 0, 1, 2, 21
"/Users/gero/dev/Nexa/nexa/storefront/src/components/icons/Menu.tsx", "TypeScript JSX", 0, 0, 0, 0, 0, 0, 0, 0, 0, 18, 0, 1, 2, 21
"/Users/gero/dev/Nexa/nexa/storefront/src/components/icons/Minus.tsx", "TypeScript JSX", 0, 0, 0, 0, 0, 0, 0, 0, 0, 18, 0, 1, 2, 21
"/Users/gero/dev/Nexa/nexa/storefront/src/components/icons/Package.tsx", "TypeScript JSX", 0, 0, 0, 0, 0, 0, 0, 0, 0, 18, 0, 1, 2, 21
"/Users/gero/dev/Nexa/nexa/storefront/src/components/icons/Plus.tsx", "TypeScript JSX", 0, 0, 0, 0, 0, 0, 0, 0, 0, 24, 0, 1, 2, 27
"/Users/gero/dev/Nexa/nexa/storefront/src/components/icons/Receipt.tsx", "TypeScript JSX", 0, 0, 0, 0, 0, 0, 0, 0, 0, 18, 0, 1, 2, 21
"/Users/gero/dev/Nexa/nexa/storefront/src/components/icons/Search.tsx", "TypeScript JSX", 0, 0, 0, 0, 0, 0, 0, 0, 0, 24, 0, 1, 2, 27
"/Users/gero/dev/Nexa/nexa/storefront/src/components/icons/Sliders.tsx", "TypeScript JSX", 0, 0, 0, 0, 0, 0, 0, 0, 0, 18, 0, 1, 2, 21
"/Users/gero/dev/Nexa/nexa/storefront/src/components/icons/Trash.tsx", "TypeScript JSX", 0, 0, 0, 0, 0, 0, 0, 0, 0, 22, 0, 1, 2, 25
"/Users/gero/dev/Nexa/nexa/storefront/src/components/icons/Truck.tsx", "TypeScript JSX", 0, 0, 0, 0, 0, 0, 0, 0, 0, 18, 0, 1, 2, 21
"/Users/gero/dev/Nexa/nexa/storefront/src/components/icons/Undo.tsx", "TypeScript JSX", 0, 0, 0, 0, 0, 0, 0, 0, 0, 18, 0, 1, 2, 21
"/Users/gero/dev/Nexa/nexa/storefront/src/components/icons/User.tsx", "TypeScript JSX", 0, 0, 0, 0, 0, 0, 0, 0, 0, 24, 0, 1, 2, 27
"/Users/gero/dev/Nexa/nexa/storefront/src/components/ui/Checkbox.tsx", "TypeScript JSX", 0, 0, 0, 0, 0, 0, 0, 0, 0, 47, 0, 2, 6, 55
"/Users/gero/dev/Nexa/nexa/storefront/src/components/ui/Radio.tsx", "TypeScript JSX", 0, 0, 0, 0, 0, 0, 0, 0, 0, 41, 0, 1, 5, 47
"/Users/gero/dev/Nexa/nexa/storefront/src/components/ui/Select.tsx", "TypeScript JSX", 0, 0, 0, 0, 0, 0, 0, 0, 0, 81, 0, 2, 8, 91
"/Users/gero/dev/Nexa/nexa/storefront/src/components/ui/Skeleton.tsx", "TypeScript JSX", 0, 0, 0, 0, 0, 0, 0, 0, 0, 13, 0, 1, 2, 16
"/Users/gero/dev/Nexa/nexa/storefront/src/components/ui/Slider.tsx", "TypeScript JSX", 0, 0, 0, 0, 0, 0, 0, 0, 0, 44, 0, 1, 5, 50
"/Users/gero/dev/Nexa/nexa/storefront/src/hooks/country-code.tsx", "TypeScript JSX", 0, 0, 0, 0, 0, 0, 0, 0, 0, 31, 0, 1, 7, 39
"/Users/gero/dev/Nexa/nexa/storefront/src/lib/config.ts", "TypeScript", 0, 0, 0, 0, 0, 0, 0, 10, 0, 0, 0, 1, 4, 15
"/Users/gero/dev/Nexa/nexa/storefront/src/lib/constants.tsx", "TypeScript JSX", 0, 0, 0, 0, 0, 0, 0, 0, 0, 60, 0, 4, 5, 69
"/Users/gero/dev/Nexa/nexa/storefront/src/lib/data/cart.ts", "TypeScript", 0, 0, 0, 0, 0, 0, 0, 396, 0, 0, 0, 5, 70, 471
"/Users/gero/dev/Nexa/nexa/storefront/src/lib/data/categories.ts", "TypeScript", 0, 0, 0, 0, 0, 0, 0, 30, 0, 0, 0, 0, 4, 34
"/Users/gero/dev/Nexa/nexa/storefront/src/lib/data/collections.ts", "TypeScript", 0, 0, 0, 0, 0, 0, 0, 62, 0, 0, 0, 0, 12, 74
"/Users/gero/dev/Nexa/nexa/storefront/src/lib/data/cookies.ts", "TypeScript", 0, 0, 0, 0, 0, 0, 0, 51, 0, 0, 0, 1, 11, 63
"/Users/gero/dev/Nexa/nexa/storefront/src/lib/data/customer.ts", "TypeScript", 0, 0, 0, 0, 0, 0, 0, 149, 0, 0, 0, 6, 26, 181
"/Users/gero/dev/Nexa/nexa/storefront/src/lib/data/fulfillment.ts", "TypeScript", 0, 0, 0, 0, 0, 0, 0, 10, 0, 0, 0, 1, 2, 13
"/Users/gero/dev/Nexa/nexa/storefront/src/lib/data/orders.ts", "TypeScript", 0, 0, 0, 0, 0, 0, 0, 45, 0, 0, 0, 0, 8, 53
"/Users/gero/dev/Nexa/nexa/storefront/src/lib/data/payment.ts", "TypeScript", 0, 0, 0, 0, 0, 0, 0, 13, 0, 0, 0, 1, 2, 16
"/Users/gero/dev/Nexa/nexa/storefront/src/lib/data/product-types.ts", "TypeScript", 0, 0, 0, 0, 0, 0, 0, 38, 0, 0, 0, 0, 3, 41
"/Users/gero/dev/Nexa/nexa/storefront/src/lib/data/products.ts", "TypeScript", 0, 0, 0, 0, 0, 0, 0, 173, 0, 0, 0, 11, 18, 202
"/Users/gero/dev/Nexa/nexa/storefront/src/lib/data/regions.ts", "TypeScript", 0, 0, 0, 0, 0, 0, 0, 39, 0, 0, 0, 0, 10, 49
"/Users/gero/dev/Nexa/nexa/storefront/src/lib/search-client.ts", "TypeScript", 0, 0, 0, 0, 0, 0, 0, 7, 0, 0, 0, 8, 11, 26
"/Users/gero/dev/Nexa/nexa/storefront/src/lib/util/collections.ts", "TypeScript", 0, 0, 0, 0, 0, 0, 0, 39, 0, 0, 0, 0, 2, 41
"/Users/gero/dev/Nexa/nexa/storefront/src/lib/util/compare-addresses.ts", "TypeScript", 0, 0, 0, 0, 0, 0, 0, 27, 0, 0, 0, 0, 2, 29
"/Users/gero/dev/Nexa/nexa/storefront/src/lib/util/enrich-line-items.ts", "TypeScript", 0, 0, 0, 0, 0, 0, 0, 34, 0, 0, 0, 6, 9, 49
"/Users/gero/dev/Nexa/nexa/storefront/src/lib/util/env.ts", "TypeScript", 0, 0, 0, 0, 0, 0, 0, 3, 0, 0, 0, 0, 1, 4
"/Users/gero/dev/Nexa/nexa/storefront/src/lib/util/get-precentage-diff.ts", "TypeScript", 0, 0, 0, 0, 0, 0, 0, 5, 0, 0, 0, 0, 2, 7
"/Users/gero/dev/Nexa/nexa/storefront/src/lib/util/get-product-price.ts", "TypeScript", 0, 0, 0, 0, 0, 0, 0, 68, 0, 0, 0, 0, 12, 80
"/Users/gero/dev/Nexa/nexa/storefront/src/lib/util/inventory.ts", "TypeScript", 0, 0, 0, 0, 0, 0, 0, 13, 0, 0, 0, 4, 5, 22
"/Users/gero/dev/Nexa/nexa/storefront/src/lib/util/isEmpty.ts", "TypeScript", 0, 0, 0, 0, 0, 0, 0, 11, 0, 0, 0, 0, 1, 12
"/Users/gero/dev/Nexa/nexa/storefront/src/lib/util/medusa-error.ts", "TypeScript", 0, 0, 0, 0, 0, 0, 0, 15, 0, 0, 0, 5, 3, 23
"/Users/gero/dev/Nexa/nexa/storefront/src/lib/util/money.ts", "TypeScript", 0, 0, 0, 0, 0, 0, 0, 24, 0, 0, 0, 0, 3, 27
"/Users/gero/dev/Nexa/nexa/storefront/src/lib/util/repeat.ts", "TypeScript", 0, 0, 0, 0, 0, 0, 0, 4, 0, 0, 0, 0, 2, 6
"/Users/gero/dev/Nexa/nexa/storefront/src/lib/util/sort-products.ts", "TypeScript", 0, 0, 0, 0, 0, 0, 0, 37, 0, 0, 0, 8, 7, 52
"/Users/gero/dev/Nexa/nexa/storefront/src/middleware.ts", "TypeScript", 0, 0, 0, 0, 0, 0, 0, 89, 0, 0, 0, 12, 24, 125
"/Users/gero/dev/Nexa/nexa/storefront/src/modules/cart/components/cart-totals/index.tsx", "TypeScript JSX", 0, 0, 0, 0, 0, 0, 0, 0, 0, 90, 0, 0, 7, 97
"/Users/gero/dev/Nexa/nexa/storefront/src/modules/cart/components/discount-code/index.tsx", "TypeScript JSX", 0, 0, 0, 0, 0, 0, 0, 0, 0, 42, 0, 0, 10, 52
"/Users/gero/dev/Nexa/nexa/storefront/src/modules/cart/components/empty-cart-message/index.tsx", "TypeScript JSX", 0, 0, 0, 0, 0, 0, 0, 0, 0, 18, 0, 0, 3, 21
"/Users/gero/dev/Nexa/nexa/storefront/src/modules/cart/components/item/index.tsx", "TypeScript JSX", 0, 0, 0, 0, 0, 0, 0, 0, 0, 76, 0, 0, 11, 87
"/Users/gero/dev/Nexa/nexa/storefront/src/modules/cart/templates/index.tsx", "TypeScript JSX", 0, 0, 0, 0, 0, 0, 0, 0, 0, 36, 0, 2, 4, 42
"/Users/gero/dev/Nexa/nexa/storefront/src/modules/cart/templates/items.tsx", "TypeScript JSX", 0, 0, 0, 0, 0, 0, 0, 0, 0, 26, 0, 0, 5, 31
"/Users/gero/dev/Nexa/nexa/storefront/src/modules/cart/templates/summary.tsx", "TypeScript JSX", 0, 0, 0, 0, 0, 0, 0, 0, 0, 39, 0, 0, 11, 50
"/Users/gero/dev/Nexa/nexa/storefront/src/modules/checkout/components/addresses/index.tsx", "TypeScript JSX", 0, 0, 0, 0, 0, 0, 0, 0, 0, 135, 0, 1, 10, 146
"/Users/gero/dev/Nexa/nexa/storefront/src/modules/checkout/components/billing_address/index.tsx", "TypeScript JSX", 0, 0, 0, 0, 0, 0, 0, 0, 0, 135, 0, 0, 6, 141
"/Users/gero/dev/Nexa/nexa/storefront/src/modules/checkout/components/country-select/index.tsx", "TypeScript JSX", 0, 0, 0, 0, 0, 0, 0, 0, 0, 46, 0, 0, 7, 53
"/Users/gero/dev/Nexa/nexa/storefront/src/modules/checkout/components/discount-code/index.tsx", "TypeScript JSX", 0, 0, 0, 0, 0, 0, 0, 0, 0, 44, 0, 0, 10, 54
"/Users/gero/dev/Nexa/nexa/storefront/src/modules/checkout/components/email/index.tsx", "TypeScript JSX", 0, 0, 0, 0, 0, 0, 0, 0, 0, 75, 0, 0, 9, 84
"/Users/gero/dev/Nexa/nexa/storefront/src/modules/checkout/components/error-message/index.tsx", "TypeScript JSX", 0, 0, 0, 0, 0, 0, 0, 0, 0, 20, 0, 0, 3, 23
"/Users/gero/dev/Nexa/nexa/storefront/src/modules/checkout/components/payment-button/index.tsx", "TypeScript JSX", 0, 0, 0, 0, 0, 0, 0, 0, 0, 234, 0, 6, 38, 278
"/Users/gero/dev/Nexa/nexa/storefront/src/modules/checkout/components/payment-container/index.tsx", "TypeScript JSX", 0, 0, 0, 0, 0, 0, 0, 0, 0, 35, 0, 0, 7, 42
"/Users/gero/dev/Nexa/nexa/storefront/src/modules/checkout/components/payment-test/index.tsx", "TypeScript JSX", 0, 0, 0, 0, 0, 0, 0, 0, 0, 10, 0, 0, 3, 13
"/Users/gero/dev/Nexa/nexa/storefront/src/modules/checkout/components/payment-wrapper/index.tsx", "TypeScript JSX", 0, 0, 0, 0, 0, 0, 0, 0, 0, 58, 0, 0, 11, 69
"/Users/gero/dev/Nexa/nexa/storefront/src/modules/checkout/components/payment-wrapper/stripe-wrapper.tsx", "TypeScript JSX", 0, 0, 0, 0, 0, 0, 0, 0, 0, 41, 0, 0, 9, 50
"/Users/gero/dev/Nexa/nexa/storefront/src/modules/checkout/components/payment/index.tsx", "TypeScript JSX", 0, 0, 0, 0, 0, 0, 0, 0, 0, 216, 0, 0, 25, 241
"/Users/gero/dev/Nexa/nexa/storefront/src/modules/checkout/components/review/index.tsx", "TypeScript JSX", 0, 0, 0, 0, 0, 0, 0, 0, 0, 64, 0, 0, 9, 73
"/Users/gero/dev/Nexa/nexa/storefront/src/modules/checkout/components/shipping-address/index.tsx", "TypeScript JSX", 0, 0, 0, 0, 0, 0, 0, 0, 0, 171, 0, 21, 10, 202
"/Users/gero/dev/Nexa/nexa/storefront/src/modules/checkout/components/shipping/index.tsx", "TypeScript JSX", 0, 0, 0, 0, 0, 0, 0, 0, 0, 129, 0, 1, 15, 145
"/Users/gero/dev/Nexa/nexa/storefront/src/modules/checkout/components/submit-button/index.tsx", "TypeScript JSX", 0, 0, 0, 0, 0, 0, 0, 0, 0, 15, 0, 0, 5, 20
"/Users/gero/dev/Nexa/nexa/storefront/src/modules/checkout/templates/checkout-form/index.tsx", "TypeScript JSX", 0, 0, 0, 0, 0, 0, 0, 0, 0, 35, 0, 0, 6, 41
"/Users/gero/dev/Nexa/nexa/storefront/src/modules/checkout/templates/checkout-summary/index.tsx", "TypeScript JSX", 0, 0, 0, 0, 0, 0, 0, 0, 0, 99, 0, 0, 7, 106
"/Users/gero/dev/Nexa/nexa/storefront/src/modules/checkout/templates/mobile-checkout-summary/index.tsx", "TypeScript JSX", 0, 0, 0, 0, 0, 0, 0, 0, 0, 66, 0, 0, 10, 76
"/Users/gero/dev/Nexa/nexa/storefront/src/modules/collections/templates/index.tsx", "TypeScript JSX", 0, 0, 0, 0, 0, 0, 0, 0, 0, 116, 0, 2, 8, 126
"/Users/gero/dev/Nexa/nexa/storefront/src/modules/common/components/cart-totals/index.tsx", "TypeScript JSX", 0, 0, 0, 0, 0, 0, 0, 0, 0, 94, 0, 0, 7, 101
"/Users/gero/dev/Nexa/nexa/storefront/src/modules/common/components/delete-button/index.tsx", "TypeScript JSX", 0, 0, 0, 0, 0, 0, 0, 0, 0, 23, 0, 0, 6, 29
"/Users/gero/dev/Nexa/nexa/storefront/src/modules/common/components/line-item-unit-price/index.tsx", "TypeScript JSX", 0, 0, 0, 0, 0, 0, 0, 0, 0, 29, 0, 0, 5, 34
"/Users/gero/dev/Nexa/nexa/storefront/src/modules/common/icons/bancontact.tsx", "TypeScript JSX", 0, 0, 0, 0, 0, 0, 0, 0, 0, 23, 0, 0, 4, 27
"/Users/gero/dev/Nexa/nexa/storefront/src/modules/common/icons/ideal.tsx", "TypeScript JSX", 0, 0, 0, 0, 0, 0, 0, 0, 0, 23, 0, 0, 4, 27
"/Users/gero/dev/Nexa/nexa/storefront/src/modules/common/icons/paypal.tsx", "TypeScript JSX", 0, 0, 0, 0, 0, 0, 0, 0, 0, 29, 0, 0, 2, 31
"/Users/gero/dev/Nexa/nexa/storefront/src/modules/common/icons/placeholder-image.tsx", "TypeScript JSX", 0, 0, 0, 0, 0, 0, 0, 0, 0, 41, 0, 0, 4, 45
"/Users/gero/dev/Nexa/nexa/storefront/src/modules/common/icons/spinner.tsx", "TypeScript JSX", 0, 0, 0, 0, 0, 0, 0, 0, 0, 34, 0, 0, 4, 38
"/Users/gero/dev/Nexa/nexa/storefront/src/modules/order/components/payment-details/index.tsx", "TypeScript JSX", 0, 0, 0, 0, 0, 0, 0, 0, 0, 27, 0, 0, 7, 34
"/Users/gero/dev/Nexa/nexa/storefront/src/modules/order/templates/order-completed-template.tsx", "TypeScript JSX", 0, 0, 0, 0, 0, 0, 0, 0, 0, 65, 0, 0, 5, 70
"/Users/gero/dev/Nexa/nexa/storefront/src/modules/products/components/image-gallery/index.tsx", "TypeScript JSX", 0, 0, 0, 0, 0, 0, 0, 0, 0, 34, 0, 0, 6, 40
"/Users/gero/dev/Nexa/nexa/storefront/src/modules/products/components/product-actions/index.tsx", "TypeScript JSX", 0, 0, 0, 0, 0, 0, 0, 0, 0, 302, 0, 26, 32, 360
"/Users/gero/dev/Nexa/nexa/storefront/src/modules/products/components/product-actions/option-select.tsx", "TypeScript JSX", 0, 0, 0, 0, 0, 0, 0, 0, 0, 52, 0, 0, 5, 57
"/Users/gero/dev/Nexa/nexa/storefront/src/modules/products/components/product-preview/index.tsx", "TypeScript JSX", 0, 0, 0, 0, 0, 0, 0, 0, 0, 66, 0, 0, 7, 73
"/Users/gero/dev/Nexa/nexa/storefront/src/modules/products/components/product-price/index.tsx", "TypeScript JSX", 0, 0, 0, 0, 0, 0, 0, 0, 0, 40, 0, 1, 7, 48
"/Users/gero/dev/Nexa/nexa/storefront/src/modules/products/components/related-products/index.tsx", "TypeScript JSX", 0, 0, 0, 0, 0, 0, 0, 0, 0, 60, 0, 1, 8, 69
"/Users/gero/dev/Nexa/nexa/storefront/src/modules/products/components/thumbnail/index.tsx", "TypeScript JSX", 0, 0, 0, 0, 0, 0, 0, 0, 0, 61, 0, 0, 7, 68
"/Users/gero/dev/Nexa/nexa/storefront/src/modules/products/templates/index.tsx", "TypeScript JSX", 0, 0, 0, 0, 0, 0, 0, 0, 0, 187, 0, 0, 9, 196
"/Users/gero/dev/Nexa/nexa/storefront/src/modules/products/templates/product-actions-wrapper/index.tsx", "TypeScript JSX", 0, 0, 0, 0, 0, 0, 0, 0, 0, 34, 0, 3, 4, 41
"/Users/gero/dev/Nexa/nexa/storefront/src/modules/products/templates/product-info/index.tsx", "TypeScript JSX", 0, 0, 0, 0, 0, 0, 0, 0, 0, 21, 0, 0, 4, 25
"/Users/gero/dev/Nexa/nexa/storefront/src/modules/skeletons/components/skeleton-button/index.tsx", "TypeScript JSX", 0, 0, 0, 0, 0, 0, 0, 0, 0, 6, 0, 2, 4, 12
"/Users/gero/dev/Nexa/nexa/storefront/src/modules/skeletons/components/skeleton-cart-item/index.tsx", "TypeScript JSX", 0, 0, 0, 0, 0, 0, 0, 0, 0, 19, 0, 1, 3, 23
"/Users/gero/dev/Nexa/nexa/storefront/src/modules/skeletons/components/skeleton-cart-totals/index.tsx", "TypeScript JSX", 0, 0, 0, 0, 0, 0, 0, 0, 0, 32, 0, 1, 3, 36
"/Users/gero/dev/Nexa/nexa/storefront/src/modules/skeletons/components/skeleton-order-summary/index.tsx", "TypeScript JSX", 0, 0, 0, 0, 0, 0, 0, 0, 0, 13, 0, 0, 3, 16
"/Users/gero/dev/Nexa/nexa/storefront/src/modules/skeletons/components/skeleton-product-preview/index.tsx", "TypeScript JSX", 0, 0, 0, 0, 0, 0, 0, 0, 0, 16, 0, 1, 3, 20
"/Users/gero/dev/Nexa/nexa/storefront/src/modules/skeletons/templates/skeleton-cart-page/index.tsx", "TypeScript JSX", 0, 0, 0, 0, 0, 0, 0, 0, 0, 29, 0, 1, 4, 34
"/Users/gero/dev/Nexa/nexa/storefront/src/modules/skeletons/templates/skeleton-order-confirmed/index.tsx", "TypeScript JSX", 0, 0, 0, 0, 0, 0, 0, 0, 0, 33, 0, 1, 3, 37
"/Users/gero/dev/Nexa/nexa/storefront/src/modules/skeletons/templates/skeleton-product-grid/index.tsx", "TypeScript JSX", 0, 0, 0, 0, 0, 0, 0, 0, 0, 15, 0, 0, 3, 18
"/Users/gero/dev/Nexa/nexa/storefront/src/modules/skeletons/templates/skeleton-related-products/index.tsx", "TypeScript JSX", 0, 0, 0, 0, 0, 0, 0, 0, 0, 24, 0, 2, 4, 30
"/Users/gero/dev/Nexa/nexa/storefront/src/modules/store/components/pagination/index.tsx", "TypeScript JSX", 0, 0, 0, 0, 0, 0, 0, 0, 0, 98, 0, 12, 11, 121
"/Users/gero/dev/Nexa/nexa/storefront/src/modules/store/components/refinement-list/category-filter/index.tsx", "TypeScript JSX", 0, 0, 0, 0, 0, 0, 0, 0, 0, 44, 0, 2, 4, 50
"/Users/gero/dev/Nexa/nexa/storefront/src/modules/store/components/refinement-list/collection-filter/index.tsx", "TypeScript JSX", 0, 0, 0, 0, 0, 0, 0, 0, 0, 44, 0, 2, 4, 50
"/Users/gero/dev/Nexa/nexa/storefront/src/modules/store/components/refinement-list/index.tsx", "TypeScript JSX", 0, 0, 0, 0, 0, 0, 0, 0, 0, 131, 0, 0, 14, 145
"/Users/gero/dev/Nexa/nexa/storefront/src/modules/store/components/refinement-list/mobile-filters/index.tsx", "TypeScript JSX", 0, 0, 0, 0, 0, 0, 0, 0, 0, 202, 0, 0, 8, 210
"/Users/gero/dev/Nexa/nexa/storefront/src/modules/store/components/refinement-list/mobile-sort/index.tsx", "TypeScript JSX", 0, 0, 0, 0, 0, 0, 0, 0, 0, 76, 0, 0, 6, 82
"/Users/gero/dev/Nexa/nexa/storefront/src/modules/store/components/refinement-list/size-filter/index.tsx", "TypeScript JSX", 0, 0, 0, 0, 0, 0, 0, 0, 0, 124, 0, 2, 14, 140
"/Users/gero/dev/Nexa/nexa/storefront/src/modules/store/components/refinement-list/size-variable/index.tsx", "TypeScript JSX", 0, 0, 0, 0, 0, 0, 0, 0, 0, 16, 0, 0, 3, 19
"/Users/gero/dev/Nexa/nexa/storefront/src/modules/store/components/refinement-list/sort-products/index.tsx", "TypeScript JSX", 0, 0, 0, 0, 0, 0, 0, 0, 0, 47, 0, 2, 8, 57
"/Users/gero/dev/Nexa/nexa/storefront/src/modules/store/components/refinement-list/type-filter/index.tsx", "TypeScript JSX", 0, 0, 0, 0, 0, 0, 0, 0, 0, 44, 0, 2, 4, 50
"/Users/gero/dev/Nexa/nexa/storefront/src/modules/store/templates/index.tsx", "TypeScript JSX", 0, 0, 0, 0, 0, 0, 0, 0, 0, 127, 0, 4, 11, 142
"/Users/gero/dev/Nexa/nexa/storefront/src/modules/store/templates/paginated-products.tsx", "TypeScript JSX", 0, 0, 0, 0, 0, 0, 0, 0, 0, 85, 0, 2, 13, 100
"/Users/gero/dev/Nexa/nexa/storefront/src/styles/globals.css", "CSS", 0, 0, 0, 0, 0, 0, 0, 0, 0, 0, 137, 1, 34, 172
"/Users/gero/dev/Nexa/nexa/storefront/src/types/icon.ts", "TypeScript", 0, 0, 0, 0, 0, 0, 0, 4, 0, 0, 0, 0, 1, 5
"/Users/gero/dev/Nexa/nexa/storefront/src/types/metaDataFilter.ts", "TypeScript", 0, 0, 0, 0, 0, 0, 0, 13, 0, 0, 0, 3, 1, 17
"/Users/gero/dev/Nexa/nexa/storefront/tailwind.config.js", "JavaScript", 0, 0, 0, 0, 0, 0, 0, 0, 130, 0, 0, 0, 1, 131
"/Users/gero/dev/Nexa/nexa/storefront/tsconfig.json", "JSON with Comments", 0, 0, 0, 0, 0, 0, 38, 0, 0, 0, 0, 0, 1, 39
"/Users/gero/dev/Nexa/nexa_old/python_scripts/hemdende.ipynb", "JSON", 1050, 0, 0, 0, 0, 0, 0, 0, 0, 0, 0, 0, 1, 1051
"/Users/gero/dev/Nexa/nexa_old/python_scripts/importer/1737931870716-product-exports-01JJJCZMFWNSDK18CVRCZTHZ1R.csv", "CSV", 0, 0, 42, 0, 0, 0, 0, 0, 0, 0, 0, 0, 0, 42
"/Users/gero/dev/Nexa/nexa_old/python_scripts/importer/1737993443787-product-exports-01JJM7PPEC3B654965BF86R5TH.csv", "CSV", 0, 0, 664, 0, 0, 0, 0, 0, 0, 0, 0, 0, 0, 664
"/Users/gero/dev/Nexa/nexa_old/python_scripts/importer/2tall/2tall.ipynb", "JSON", 0, 0, 0, 0, 0, 0, 0, 0, 0, 0, 0, 0, 1, 1
"/Users/gero/dev/Nexa/nexa_old/python_scripts/importer/2tall/2tall.py", "Python", 0, 0, 0, 170, 0, 0, 0, 0, 0, 0, 0, 1, 19, 190
"/Users/gero/dev/Nexa/nexa_old/python_scripts/importer/2tall/out/2tall_products1.csv", "CSV", 0, 0, 1147, 0, 0, 0, 0, 0, 0, 0, 0, 0, 1, 1148
"/Users/gero/dev/Nexa/nexa_old/python_scripts/importer/2tall/out/2tall_products2.csv", "CSV", 0, 0, 1147, 0, 0, 0, 0, 0, 0, 0, 0, 0, 1, 1148
"/Users/gero/dev/Nexa/nexa_old/python_scripts/importer/2tall/products.json", "JSON", 5358, 0, 0, 0, 0, 0, 0, 0, 0, 0, 0, 0, 0, 5358
"/Users/gero/dev/Nexa/nexa_old/python_scripts/importer/2tall/products2.json", "JSON", 1, 0, 0, 0, 0, 0, 0, 0, 0, 0, 0, 0, 0, 1
"/Users/gero/dev/Nexa/nexa_old/python_scripts/importer/2tall/sizing.json", "JSON", 32, 0, 0, 0, 0, 0, 0, 0, 0, 0, 0, 0, 1, 33
"/Users/gero/dev/Nexa/nexa_old/python_scripts/importer/product-import-template.csv", "CSV", 0, 0, 6, 0, 0, 0, 0, 0, 0, 0, 0, 0, 1, 7
"/Users/gero/dev/Nexa/nexa_old/python_scripts/importer/riesenhemd/out/1737942552803-product-exports-01JJJQ5M73MM05N1KPAZJMGX42.csv", "CSV", 0, 0, 265, 0, 0, 0, 0, 0, 0, 0, 0, 0, 0, 265
"/Users/gero/dev/Nexa/nexa_old/python_scripts/importer/riesenhemd/out/product-import-template.csv", "CSV", 0, 0, 621, 0, 0, 0, 0, 0, 0, 0, 0, 0, 1, 622
"/Users/gero/dev/Nexa/nexa_old/python_scripts/importer/riesenhemd/riesenhemd.py", "Python", 0, 0, 0, 158, 0, 0, 0, 0, 0, 0, 0, 4, 12, 174
"/Users/gero/dev/Nexa/nexa_old/python_scripts/importer/riesenhemd/sizing.json", "JSON", 21, 0, 0, 0, 0, 0, 0, 0, 0, 0, 0, 0, 1, 22
"/Users/gero/dev/Nexa/nexa_old/python_scripts/importer/riesenhemd/wc-product-export-24-1-2025-1737709004303.csv", "CSV", 0, 0, 199, 0, 0, 0, 0, 0, 0, 0, 0, 0, 0, 199
"/Users/gero/dev/Nexa/nexa_old/python_scripts/product_remover.ipynb", "JSON", 10669, 0, 0, 0, 0, 0, 0, 0, 0, 0, 0, 0, 1, 10670
"/Users/gero/dev/Nexa/nexa_old/python_scripts/scrapers/EOD.ipynb", "JSON", 1990, 0, 0, 0, 0, 0, 0, 0, 0, 0, 0, 0, 1, 1991
"/Users/gero/dev/Nexa/nexa_old/python_scripts/scrapers/hemdende/dump/products.csv", "CSV", 0, 0, 293, 0, 0, 0, 0, 0, 0, 0, 0, 0, 1, 294
"/Users/gero/dev/Nexa/nexa_old/python_scripts/scrapers/hemdende/dump/size_parameters.csv", "CSV", 0, 0, 17216, 0, 0, 0, 0, 0, 0, 0, 0, 0, 1, 17217
"/Users/gero/dev/Nexa/nexa_old/python_scripts/scrapers/hemdende/dump/sizes.csv", "CSV", 0, 0, 2468, 0, 0, 0, 0, 0, 0, 0, 0, 0, 1, 2469
"/Users/gero/dev/Nexa/nexa_old/python_scripts/scrapers/hemdende/hemdende.ipynb", "JSON", 1036, 0, 0, 0, 0, 0, 0, 0, 0, 0, 0, 0, 1, 1037
"/Users/gero/dev/Nexa/nexa_old/python_scripts/scrapers/hemdende/langarm_product_urls.csv", "CSV", 0, 0, 1200, 0, 0, 0, 0, 0, 0, 0, 0, 0, 1, 1201
"/Users/gero/dev/Nexa/nexa_old/queries.sql", "SQLite", 0, 11, 0, 0, 0, 0, 0, 0, 0, 0, 0, 5, 0, 16
"Total", "-", 20482, 14208, 25533, 328, 909, 214, 92, 9338, 934, 10168, 137, 3364, 5323, 91030